INFO	unindexed_foreign_keys	public	access_reservations	Table \`public.access_reservations\` has a foreign key \`access_reservations_user_id_fkey\` without a covering index. This can lead to suboptimal query performance.
INFO	unindexed_foreign_keys	public	bid_package_bids	Table \`public.bid_package_bids\` has a foreign key \`bid_package_bids_package_id_fkey\` without a covering index. This can lead to suboptimal query performance.
INFO	unindexed_foreign_keys	public	bid_packages	Table \`public.bid_packages\` has a foreign key \`bid_packages_project_id_fkey\` without a covering index. This can lead to suboptimal query performance.
INFO	unindexed_foreign_keys	public	bid_questions	Table \`public.bid_questions\` has a foreign key \`bid_questions_asker_user_id_fkey\` without a covering index. This can lead to suboptimal query performance.
INFO	unindexed_foreign_keys	public	bid_responses	Table \`public.bid_responses\` has a foreign key \`bid_responses_proposer_company_id_fkey\` without a covering index. This can lead to suboptimal query performance.
INFO	unindexed_foreign_keys	public	building_access_rules	Table \`public.building_access_rules\` has a foreign key \`building_access_rules_user_id_fkey\` without a covering index. This can lead to suboptimal query performance.
INFO	unindexed_foreign_keys	public	closeout_binders	Table \`public.closeout_binders\` has a foreign key \`closeout_binders_user_id_fkey\` without a covering index. This can lead to suboptimal query performance.
INFO	unindexed_foreign_keys	public	companies	Table \`public.companies\` has a foreign key \`companies_user_id_fkey\` without a covering index. This can lead to suboptimal query performance.
INFO	unindexed_foreign_keys	public	hazards	Table \`public.hazards\` has a foreign key \`hazards_user_id_fkey\` without a covering index. This can lead to suboptimal query performance.
INFO	unindexed_foreign_keys	public	jhas	Table \`public.jhas\` has a foreign key \`jhas_user_id_fkey\` without a covering index. This can lead to suboptimal query performance.
INFO	unindexed_foreign_keys	public	job_listings	Table \`public.job_listings\` has a foreign key \`job_listings_user_id_fkey\` without a covering index. This can lead to suboptimal query performance.
INFO	unindexed_foreign_keys	public	leads	Table \`public.leads\` has a foreign key \`leads_converted_project_id_fkey\` without a covering index. This can lead to suboptimal query performance.
INFO	unindexed_foreign_keys	public	plan_calibrations	Table \`public.plan_calibrations\` has a foreign key \`plan_calibrations_project_id_fkey\` without a covering index. This can lead to suboptimal query performance.
INFO	unindexed_foreign_keys	public	project_collaborators	Table \`public.project_collaborators\` has a foreign key \`project_collaborators_invited_by_fkey\` without a covering index. This can lead to suboptimal query performance.
INFO	unindexed_foreign_keys	public	public_bids	Table \`public.public_bids\` has a foreign key \`public_bids_user_id_fkey\` without a covering index. This can lead to suboptimal query performance.
INFO	unindexed_foreign_keys	public	rfp_post_payments	Table \`public.rfp_post_payments\` has a foreign key \`rfp_post_payments_user_id_fkey\` without a covering index. This can lead to suboptimal query performance.
INFO	unindexed_foreign_keys	public	safety_incidents	Table \`public.safety_incidents\` has a foreign key \`safety_incidents_user_id_fkey\` without a covering index. This can lead to suboptimal query performance.
INFO	unindexed_foreign_keys	public	shared_schedule_snapshots	Table \`public.shared_schedule_snapshots\` has a foreign key \`shared_schedule_snapshots_project_id_fkey\` without a covering index. This can lead to suboptimal query performance.
INFO	unindexed_foreign_keys	public	toolbox_talks	Table \`public.toolbox_talks\` has a foreign key \`toolbox_talks_user_id_fkey\` without a covering index. This can lead to suboptimal query performance.
INFO	unindexed_foreign_keys	public	worker_profiles	Table \`public.worker_profiles\` has a foreign key \`worker_profiles_user_id_fkey\` without a covering index. This can lead to suboptimal query performance.
WARN	auth_rls_initplan	public	profiles	Table \`public.profiles\` has a row level security policy \`profiles_insert\` that re-evaluates current_setting() or auth.<function>() for each row. This produces suboptimal query performance at scale. Resolve the issue by replacing \`auth.<function>()\` with \`(select auth.<function>())\`. See [doc
WARN	auth_rls_initplan	public	profiles	Table \`public.profiles\` has a row level security policy \`profiles_insert_own\` that re-evaluates current_setting() or auth.<function>() for each row. This produces suboptimal query performance at scale. Resolve the issue by replacing \`auth.<function>()\` with \`(select auth.<function>())\`. See 
WARN	auth_rls_initplan	public	profiles	Table \`public.profiles\` has a row level security policy \`profiles_select\` that re-evaluates current_setting() or auth.<function>() for each row. This produces suboptimal query performance at scale. Resolve the issue by replacing \`auth.<function>()\` with \`(select auth.<function>())\`. See [doc
WARN	auth_rls_initplan	public	profiles	Table \`public.profiles\` has a row level security policy \`profiles_select_own\` that re-evaluates current_setting() or auth.<function>() for each row. This produces suboptimal query performance at scale. Resolve the issue by replacing \`auth.<function>()\` with \`(select auth.<function>())\`. See 
WARN	auth_rls_initplan	public	profiles	Table \`public.profiles\` has a row level security policy \`profiles_update\` that re-evaluates current_setting() or auth.<function>() for each row. This produces suboptimal query performance at scale. Resolve the issue by replacing \`auth.<function>()\` with \`(select auth.<function>())\`. See [doc
WARN	auth_rls_initplan	public	profiles	Table \`public.profiles\` has a row level security policy \`profiles_update_own\` that re-evaluates current_setting() or auth.<function>() for each row. This produces suboptimal query performance at scale. Resolve the issue by replacing \`auth.<function>()\` with \`(select auth.<function>())\`. See 
WARN	auth_rls_initplan	public	projects	Table \`public.projects\` has a row level security policy \`projects_delete\` that re-evaluates current_setting() or auth.<function>() for each row. This produces suboptimal query performance at scale. Resolve the issue by replacing \`auth.<function>()\` with \`(select auth.<function>())\`. See [doc
WARN	auth_rls_initplan	public	projects	Table \`public.projects\` has a row level security policy \`projects_delete_own\` that re-evaluates current_setting() or auth.<function>() for each row. This produces suboptimal query performance at scale. Resolve the issue by replacing \`auth.<function>()\` with \`(select auth.<function>())\`. See 
WARN	auth_rls_initplan	public	projects	Table \`public.projects\` has a row level security policy \`projects_insert\` that re-evaluates current_setting() or auth.<function>() for each row. This produces suboptimal query performance at scale. Resolve the issue by replacing \`auth.<function>()\` with \`(select auth.<function>())\`. See [doc
WARN	auth_rls_initplan	public	projects	Table \`public.projects\` has a row level security policy \`projects_insert_own\` that re-evaluates current_setting() or auth.<function>() for each row. This produces suboptimal query performance at scale. Resolve the issue by replacing \`auth.<function>()\` with \`(select auth.<function>())\`. See 
WARN	auth_rls_initplan	public	projects	Table \`public.projects\` has a row level security policy \`projects_select\` that re-evaluates current_setting() or auth.<function>() for each row. This produces suboptimal query performance at scale. Resolve the issue by replacing \`auth.<function>()\` with \`(select auth.<function>())\`. See [doc
WARN	auth_rls_initplan	public	projects	Table \`public.projects\` has a row level security policy \`projects_update\` that re-evaluates current_setting() or auth.<function>() for each row. This produces suboptimal query performance at scale. Resolve the issue by replacing \`auth.<function>()\` with \`(select auth.<function>())\`. See [doc
WARN	auth_rls_initplan	public	change_orders	Table \`public.change_orders\` has a row level security policy \`change_orders_delete\` that re-evaluates current_setting() or auth.<function>() for each row. This produces suboptimal query performance at scale. Resolve the issue by replacing \`auth.<function>()\` with \`(select auth.<function>())\`
WARN	auth_rls_initplan	public	change_orders	Table \`public.change_orders\` has a row level security policy \`change_orders_insert\` that re-evaluates current_setting() or auth.<function>() for each row. This produces suboptimal query performance at scale. Resolve the issue by replacing \`auth.<function>()\` with \`(select auth.<function>())\`
WARN	auth_rls_initplan	public	change_orders	Table \`public.change_orders\` has a row level security policy \`change_orders_select\` that re-evaluates current_setting() or auth.<function>() for each row. This produces suboptimal query performance at scale. Resolve the issue by replacing \`auth.<function>()\` with \`(select auth.<function>())\`
WARN	auth_rls_initplan	public	change_orders	Table \`public.change_orders\` has a row level security policy \`change_orders_update\` that re-evaluates current_setting() or auth.<function>() for each row. This produces suboptimal query performance at scale. Resolve the issue by replacing \`auth.<function>()\` with \`(select auth.<function>())\`
WARN	auth_rls_initplan	public	change_orders	Table \`public.change_orders\` has a row level security policy \`co_delete_own\` that re-evaluates current_setting() or auth.<function>() for each row. This produces suboptimal query performance at scale. Resolve the issue by replacing \`auth.<function>()\` with \`(select auth.<function>())\`. See [
WARN	auth_rls_initplan	public	change_orders	Table \`public.change_orders\` has a row level security policy \`co_insert_own\` that re-evaluates current_setting() or auth.<function>() for each row. This produces suboptimal query performance at scale. Resolve the issue by replacing \`auth.<function>()\` with \`(select auth.<function>())\`. See [
WARN	auth_rls_initplan	public	change_orders	Table \`public.change_orders\` has a row level security policy \`co_select_own\` that re-evaluates current_setting() or auth.<function>() for each row. This produces suboptimal query performance at scale. Resolve the issue by replacing \`auth.<function>()\` with \`(select auth.<function>())\`. See [
WARN	auth_rls_initplan	public	change_orders	Table \`public.change_orders\` has a row level security policy \`co_update_own\` that re-evaluates current_setting() or auth.<function>() for each row. This produces suboptimal query performance at scale. Resolve the issue by replacing \`auth.<function>()\` with \`(select auth.<function>())\`. See [
WARN	auth_rls_initplan	public	invoices	Table \`public.invoices\` has a row level security policy \`inv_delete_own\` that re-evaluates current_setting() or auth.<function>() for each row. This produces suboptimal query performance at scale. Resolve the issue by replacing \`auth.<function>()\` with \`(select auth.<function>())\`. See [docs
WARN	auth_rls_initplan	public	invoices	Table \`public.invoices\` has a row level security policy \`inv_insert_own\` that re-evaluates current_setting() or auth.<function>() for each row. This produces suboptimal query performance at scale. Resolve the issue by replacing \`auth.<function>()\` with \`(select auth.<function>())\`. See [docs
WARN	auth_rls_initplan	public	invoices	Table \`public.invoices\` has a row level security policy \`inv_select_own\` that re-evaluates current_setting() or auth.<function>() for each row. This produces suboptimal query performance at scale. Resolve the issue by replacing \`auth.<function>()\` with \`(select auth.<function>())\`. See [docs
WARN	auth_rls_initplan	public	invoices	Table \`public.invoices\` has a row level security policy \`inv_update_own\` that re-evaluates current_setting() or auth.<function>() for each row. This produces suboptimal query performance at scale. Resolve the issue by replacing \`auth.<function>()\` with \`(select auth.<function>())\`. See [docs
WARN	auth_rls_initplan	public	invoices	Table \`public.invoices\` has a row level security policy \`invoices_delete\` that re-evaluates current_setting() or auth.<function>() for each row. This produces suboptimal query performance at scale. Resolve the issue by replacing \`auth.<function>()\` with \`(select auth.<function>())\`. See [doc
WARN	auth_rls_initplan	public	invoices	Table \`public.invoices\` has a row level security policy \`invoices_insert\` that re-evaluates current_setting() or auth.<function>() for each row. This produces suboptimal query performance at scale. Resolve the issue by replacing \`auth.<function>()\` with \`(select auth.<function>())\`. See [doc
WARN	auth_rls_initplan	public	invoices	Table \`public.invoices\` has a row level security policy \`invoices_select\` that re-evaluates current_setting() or auth.<function>() for each row. This produces suboptimal query performance at scale. Resolve the issue by replacing \`auth.<function>()\` with \`(select auth.<function>())\`. See [doc
WARN	auth_rls_initplan	public	invoices	Table \`public.invoices\` has a row level security policy \`invoices_update\` that re-evaluates current_setting() or auth.<function>() for each row. This produces suboptimal query performance at scale. Resolve the issue by replacing \`auth.<function>()\` with \`(select auth.<function>())\`. See [doc
WARN	auth_rls_initplan	public	daily_reports	Table \`public.daily_reports\` has a row level security policy \`daily_reports_collab_delete\` that re-evaluates current_setting() or auth.<function>() for each row. This produces suboptimal query performance at scale. Resolve the issue by replacing \`auth.<function>()\` with \`(select auth.<functio
WARN	auth_rls_initplan	public	daily_reports	Table \`public.daily_reports\` has a row level security policy \`daily_reports_collab_insert\` that re-evaluates current_setting() or auth.<function>() for each row. This produces suboptimal query performance at scale. Resolve the issue by replacing \`auth.<function>()\` with \`(select auth.<functio
WARN	auth_rls_initplan	public	daily_reports	Table \`public.daily_reports\` has a row level security policy \`daily_reports_collab_select\` that re-evaluates current_setting() or auth.<function>() for each row. This produces suboptimal query performance at scale. Resolve the issue by replacing \`auth.<function>()\` with \`(select auth.<functio
WARN	auth_rls_initplan	public	subcontractors	Table \`public.subcontractors\` has a row level security policy \`subcontractors_delete\` that re-evaluates current_setting() or auth.<function>() for each row. This produces suboptimal query performance at scale. Resolve the issue by replacing \`auth.<function>()\` with \`(select auth.<function>())
WARN	auth_rls_initplan	public	subcontractors	Table \`public.subcontractors\` has a row level security policy \`subcontractors_insert\` that re-evaluates current_setting() or auth.<function>() for each row. This produces suboptimal query performance at scale. Resolve the issue by replacing \`auth.<function>()\` with \`(select auth.<function>())
WARN	auth_rls_initplan	public	subcontractors	Table \`public.subcontractors\` has a row level security policy \`subcontractors_select\` that re-evaluates current_setting() or auth.<function>() for each row. This produces suboptimal query performance at scale. Resolve the issue by replacing \`auth.<function>()\` with \`(select auth.<function>())
WARN	auth_rls_initplan	public	subcontractors	Table \`public.subcontractors\` has a row level security policy \`subcontractors_update\` that re-evaluates current_setting() or auth.<function>() for each row. This produces suboptimal query performance at scale. Resolve the issue by replacing \`auth.<function>()\` with \`(select auth.<function>())
WARN	auth_rls_initplan	public	subcontractors	Table \`public.subcontractors\` has a row level security policy \`subs_delete_own\` that re-evaluates current_setting() or auth.<function>() for each row. This produces suboptimal query performance at scale. Resolve the issue by replacing \`auth.<function>()\` with \`(select auth.<function>())\`. Se
WARN	auth_rls_initplan	public	subcontractors	Table \`public.subcontractors\` has a row level security policy \`subs_insert_own\` that re-evaluates current_setting() or auth.<function>() for each row. This produces suboptimal query performance at scale. Resolve the issue by replacing \`auth.<function>()\` with \`(select auth.<function>())\`. Se
WARN	auth_rls_initplan	public	subcontractors	Table \`public.subcontractors\` has a row level security policy \`subs_select_own\` that re-evaluates current_setting() or auth.<function>() for each row. This produces suboptimal query performance at scale. Resolve the issue by replacing \`auth.<function>()\` with \`(select auth.<function>())\`. Se
WARN	auth_rls_initplan	public	subcontractors	Table \`public.subcontractors\` has a row level security policy \`subs_update_own\` that re-evaluates current_setting() or auth.<function>() for each row. This produces suboptimal query performance at scale. Resolve the issue by replacing \`auth.<function>()\` with \`(select auth.<function>())\`. Se
WARN	auth_rls_initplan	public	punch_items	Table \`public.punch_items\` has a row level security policy \`punch_items_collab_delete\` that re-evaluates current_setting() or auth.<function>() for each row. This produces suboptimal query performance at scale. Resolve the issue by replacing \`auth.<function>()\` with \`(select auth.<function>()
WARN	auth_rls_initplan	public	punch_items	Table \`public.punch_items\` has a row level security policy \`punch_items_collab_insert\` that re-evaluates current_setting() or auth.<function>() for each row. This produces suboptimal query performance at scale. Resolve the issue by replacing \`auth.<function>()\` with \`(select auth.<function>()
WARN	auth_rls_initplan	public	punch_items	Table \`public.punch_items\` has a row level security policy \`punch_items_collab_select\` that re-evaluates current_setting() or auth.<function>() for each row. This produces suboptimal query performance at scale. Resolve the issue by replacing \`auth.<function>()\` with \`(select auth.<function>()
WARN	auth_rls_initplan	public	photos	Table \`public.photos\` has a row level security policy \`photos_collab_delete\` that re-evaluates current_setting() or auth.<function>() for each row. This produces suboptimal query performance at scale. Resolve the issue by replacing \`auth.<function>()\` with \`(select auth.<function>())\`. See [
WARN	auth_rls_initplan	public	photos	Table \`public.photos\` has a row level security policy \`photos_collab_insert\` that re-evaluates current_setting() or auth.<function>() for each row. This produces suboptimal query performance at scale. Resolve the issue by replacing \`auth.<function>()\` with \`(select auth.<function>())\`. See [
WARN	auth_rls_initplan	public	photos	Table \`public.photos\` has a row level security policy \`photos_collab_select\` that re-evaluates current_setting() or auth.<function>() for each row. This produces suboptimal query performance at scale. Resolve the issue by replacing \`auth.<function>()\` with \`(select auth.<function>())\`. See [
WARN	auth_rls_initplan	public	rfis	Table \`public.rfis\` has a row level security policy \`rfis_collab_delete\` that re-evaluates current_setting() or auth.<function>() for each row. This produces suboptimal query performance at scale. Resolve the issue by replacing \`auth.<function>()\` with \`(select auth.<function>())\`. See [docs
WARN	auth_rls_initplan	public	rfis	Table \`public.rfis\` has a row level security policy \`rfis_collab_insert\` that re-evaluates current_setting() or auth.<function>() for each row. This produces suboptimal query performance at scale. Resolve the issue by replacing \`auth.<function>()\` with \`(select auth.<function>())\`. See [docs
WARN	auth_rls_initplan	public	rfis	Table \`public.rfis\` has a row level security policy \`rfis_collab_select\` that re-evaluates current_setting() or auth.<function>() for each row. This produces suboptimal query performance at scale. Resolve the issue by replacing \`auth.<function>()\` with \`(select auth.<function>())\`. See [docs
WARN	auth_rls_initplan	public	submittals	Table \`public.submittals\` has a row level security policy \`submittals_collab_delete\` that re-evaluates current_setting() or auth.<function>() for each row. This produces suboptimal query performance at scale. Resolve the issue by replacing \`auth.<function>()\` with \`(select auth.<function>())\
WARN	auth_rls_initplan	public	submittals	Table \`public.submittals\` has a row level security policy \`submittals_collab_insert\` that re-evaluates current_setting() or auth.<function>() for each row. This produces suboptimal query performance at scale. Resolve the issue by replacing \`auth.<function>()\` with \`(select auth.<function>())\
WARN	auth_rls_initplan	public	submittals	Table \`public.submittals\` has a row level security policy \`submittals_collab_select\` that re-evaluates current_setting() or auth.<function>() for each row. This produces suboptimal query performance at scale. Resolve the issue by replacing \`auth.<function>()\` with \`(select auth.<function>())\
WARN	auth_rls_initplan	public	equipment	Table \`public.equipment\` has a row level security policy \`equip_delete_own\` that re-evaluates current_setting() or auth.<function>() for each row. This produces suboptimal query performance at scale. Resolve the issue by replacing \`auth.<function>()\` with \`(select auth.<function>())\`. See [d
WARN	auth_rls_initplan	public	equipment	Table \`public.equipment\` has a row level security policy \`equip_insert_own\` that re-evaluates current_setting() or auth.<function>() for each row. This produces suboptimal query performance at scale. Resolve the issue by replacing \`auth.<function>()\` with \`(select auth.<function>())\`. See [d
WARN	auth_rls_initplan	public	equipment	Table \`public.equipment\` has a row level security policy \`equip_select_own\` that re-evaluates current_setting() or auth.<function>() for each row. This produces suboptimal query performance at scale. Resolve the issue by replacing \`auth.<function>()\` with \`(select auth.<function>())\`. See [d
WARN	auth_rls_initplan	public	equipment	Table \`public.equipment\` has a row level security policy \`equip_update_own\` that re-evaluates current_setting() or auth.<function>() for each row. This produces suboptimal query performance at scale. Resolve the issue by replacing \`auth.<function>()\` with \`(select auth.<function>())\`. See [d
WARN	auth_rls_initplan	public	equipment	Table \`public.equipment\` has a row level security policy \`equipment_delete\` that re-evaluates current_setting() or auth.<function>() for each row. This produces suboptimal query performance at scale. Resolve the issue by replacing \`auth.<function>()\` with \`(select auth.<function>())\`. See [d
WARN	auth_rls_initplan	public	equipment	Table \`public.equipment\` has a row level security policy \`equipment_insert\` that re-evaluates current_setting() or auth.<function>() for each row. This produces suboptimal query performance at scale. Resolve the issue by replacing \`auth.<function>()\` with \`(select auth.<function>())\`. See [d
WARN	auth_rls_initplan	public	equipment	Table \`public.equipment\` has a row level security policy \`equipment_select\` that re-evaluates current_setting() or auth.<function>() for each row. This produces suboptimal query performance at scale. Resolve the issue by replacing \`auth.<function>()\` with \`(select auth.<function>())\`. See [d
WARN	auth_rls_initplan	public	equipment	Table \`public.equipment\` has a row level security policy \`equipment_update\` that re-evaluates current_setting() or auth.<function>() for each row. This produces suboptimal query performance at scale. Resolve the issue by replacing \`auth.<function>()\` with \`(select auth.<function>())\`. See [d
WARN	auth_rls_initplan	public	contacts	Table \`public.contacts\` has a row level security policy \`contacts_delete\` that re-evaluates current_setting() or auth.<function>() for each row. This produces suboptimal query performance at scale. Resolve the issue by replacing \`auth.<function>()\` with \`(select auth.<function>())\`. See [doc
WARN	auth_rls_initplan	public	contacts	Table \`public.contacts\` has a row level security policy \`contacts_delete_own\` that re-evaluates current_setting() or auth.<function>() for each row. This produces suboptimal query performance at scale. Resolve the issue by replacing \`auth.<function>()\` with \`(select auth.<function>())\`. See 
WARN	auth_rls_initplan	public	contacts	Table \`public.contacts\` has a row level security policy \`contacts_insert\` that re-evaluates current_setting() or auth.<function>() for each row. This produces suboptimal query performance at scale. Resolve the issue by replacing \`auth.<function>()\` with \`(select auth.<function>())\`. See [doc
WARN	auth_rls_initplan	public	contacts	Table \`public.contacts\` has a row level security policy \`contacts_insert_own\` that re-evaluates current_setting() or auth.<function>() for each row. This produces suboptimal query performance at scale. Resolve the issue by replacing \`auth.<function>()\` with \`(select auth.<function>())\`. See 
WARN	auth_rls_initplan	public	contacts	Table \`public.contacts\` has a row level security policy \`contacts_select\` that re-evaluates current_setting() or auth.<function>() for each row. This produces suboptimal query performance at scale. Resolve the issue by replacing \`auth.<function>()\` with \`(select auth.<function>())\`. See [doc
WARN	auth_rls_initplan	public	contacts	Table \`public.contacts\` has a row level security policy \`contacts_select_own\` that re-evaluates current_setting() or auth.<function>() for each row. This produces suboptimal query performance at scale. Resolve the issue by replacing \`auth.<function>()\` with \`(select auth.<function>())\`. See 
WARN	auth_rls_initplan	public	contacts	Table \`public.contacts\` has a row level security policy \`contacts_update\` that re-evaluates current_setting() or auth.<function>() for each row. This produces suboptimal query performance at scale. Resolve the issue by replacing \`auth.<function>()\` with \`(select auth.<function>())\`. See [doc
WARN	auth_rls_initplan	public	contacts	Table \`public.contacts\` has a row level security policy \`contacts_update_own\` that re-evaluates current_setting() or auth.<function>() for each row. This produces suboptimal query performance at scale. Resolve the issue by replacing \`auth.<function>()\` with \`(select auth.<function>())\`. See 
WARN	auth_rls_initplan	public	price_alerts	Table \`public.price_alerts\` has a row level security policy \`alerts_delete_own\` that re-evaluates current_setting() or auth.<function>() for each row. This produces suboptimal query performance at scale. Resolve the issue by replacing \`auth.<function>()\` with \`(select auth.<function>())\`. Se
WARN	auth_rls_initplan	public	price_alerts	Table \`public.price_alerts\` has a row level security policy \`alerts_insert_own\` that re-evaluates current_setting() or auth.<function>() for each row. This produces suboptimal query performance at scale. Resolve the issue by replacing \`auth.<function>()\` with \`(select auth.<function>())\`. Se
WARN	auth_rls_initplan	public	price_alerts	Table \`public.price_alerts\` has a row level security policy \`alerts_select_own\` that re-evaluates current_setting() or auth.<function>() for each row. This produces suboptimal query performance at scale. Resolve the issue by replacing \`auth.<function>()\` with \`(select auth.<function>())\`. Se
WARN	auth_rls_initplan	public	price_alerts	Table \`public.price_alerts\` has a row level security policy \`alerts_update_own\` that re-evaluates current_setting() or auth.<function>() for each row. This produces suboptimal query performance at scale. Resolve the issue by replacing \`auth.<function>()\` with \`(select auth.<function>())\`. Se
WARN	auth_rls_initplan	public	price_alerts	Table \`public.price_alerts\` has a row level security policy \`price_alerts_delete\` that re-evaluates current_setting() or auth.<function>() for each row. This produces suboptimal query performance at scale. Resolve the issue by replacing \`auth.<function>()\` with \`(select auth.<function>())\`. 
WARN	auth_rls_initplan	public	price_alerts	Table \`public.price_alerts\` has a row level security policy \`price_alerts_insert\` that re-evaluates current_setting() or auth.<function>() for each row. This produces suboptimal query performance at scale. Resolve the issue by replacing \`auth.<function>()\` with \`(select auth.<function>())\`. 
WARN	auth_rls_initplan	public	price_alerts	Table \`public.price_alerts\` has a row level security policy \`price_alerts_select\` that re-evaluates current_setting() or auth.<function>() for each row. This produces suboptimal query performance at scale. Resolve the issue by replacing \`auth.<function>()\` with \`(select auth.<function>())\`. 
WARN	auth_rls_initplan	public	price_alerts	Table \`public.price_alerts\` has a row level security policy \`price_alerts_update\` that re-evaluates current_setting() or auth.<function>() for each row. This produces suboptimal query performance at scale. Resolve the issue by replacing \`auth.<function>()\` with \`(select auth.<function>())\`. 
WARN	auth_rls_initplan	public	comm_events	Table \`public.comm_events\` has a row level security policy \`comm_events_delete\` that re-evaluates current_setting() or auth.<function>() for each row. This produces suboptimal query performance at scale. Resolve the issue by replacing \`auth.<function>()\` with \`(select auth.<function>())\`. Se
WARN	auth_rls_initplan	public	comm_events	Table \`public.comm_events\` has a row level security policy \`comm_events_insert\` that re-evaluates current_setting() or auth.<function>() for each row. This produces suboptimal query performance at scale. Resolve the issue by replacing \`auth.<function>()\` with \`(select auth.<function>())\`. Se
WARN	auth_rls_initplan	public	comm_events	Table \`public.comm_events\` has a row level security policy \`comm_events_select\` that re-evaluates current_setting() or auth.<function>() for each row. This produces suboptimal query performance at scale. Resolve the issue by replacing \`auth.<function>()\` with \`(select auth.<function>())\`. Se
WARN	auth_rls_initplan	public	comm_events	Table \`public.comm_events\` has a row level security policy \`comm_events_update\` that re-evaluates current_setting() or auth.<function>() for each row. This produces suboptimal query performance at scale. Resolve the issue by replacing \`auth.<function>()\` with \`(select auth.<function>())\`. Se
WARN	auth_rls_initplan	public	comm_events	Table \`public.comm_events\` has a row level security policy \`comm_insert_own\` that re-evaluates current_setting() or auth.<function>() for each row. This produces suboptimal query performance at scale. Resolve the issue by replacing \`auth.<function>()\` with \`(select auth.<function>())\`. See [
WARN	auth_rls_initplan	public	comm_events	Table \`public.comm_events\` has a row level security policy \`comm_select_own\` that re-evaluates current_setting() or auth.<function>() for each row. This produces suboptimal query performance at scale. Resolve the issue by replacing \`auth.<function>()\` with \`(select auth.<function>())\`. See [
WARN	auth_rls_initplan	public	public_bids	Table \`public.public_bids\` has a row level security policy \`bids_delete_own\` that re-evaluates current_setting() or auth.<function>() for each row. This produces suboptimal query performance at scale. Resolve the issue by replacing \`auth.<function>()\` with \`(select auth.<function>())\`. See [
WARN	auth_rls_initplan	public	public_bids	Table \`public.public_bids\` has a row level security policy \`bids_insert_auth\` that re-evaluates current_setting() or auth.<function>() for each row. This produces suboptimal query performance at scale. Resolve the issue by replacing \`auth.<function>()\` with \`(select auth.<function>())\`. See 
WARN	auth_rls_initplan	public	public_bids	Table \`public.public_bids\` has a row level security policy \`bids_select_all\` that re-evaluates current_setting() or auth.<function>() for each row. This produces suboptimal query performance at scale. Resolve the issue by replacing \`auth.<function>()\` with \`(select auth.<function>())\`. See [
WARN	auth_rls_initplan	public	public_bids	Table \`public.public_bids\` has a row level security policy \`bids_update_own\` that re-evaluates current_setting() or auth.<function>() for each row. This produces suboptimal query performance at scale. Resolve the issue by replacing \`auth.<function>()\` with \`(select auth.<function>())\`. See [
WARN	auth_rls_initplan	public	public_bids	Table \`public.public_bids\` has a row level security policy \`public_bids_delete\` that re-evaluates current_setting() or auth.<function>() for each row. This produces suboptimal query performance at scale. Resolve the issue by replacing \`auth.<function>()\` with \`(select auth.<function>())\`. Se
WARN	auth_rls_initplan	public	public_bids	Table \`public.public_bids\` has a row level security policy \`public_bids_insert\` that re-evaluates current_setting() or auth.<function>() for each row. This produces suboptimal query performance at scale. Resolve the issue by replacing \`auth.<function>()\` with \`(select auth.<function>())\`. Se
WARN	auth_rls_initplan	public	public_bids	Table \`public.public_bids\` has a row level security policy \`public_bids_update\` that re-evaluates current_setting() or auth.<function>() for each row. This produces suboptimal query performance at scale. Resolve the issue by replacing \`auth.<function>()\` with \`(select auth.<function>())\`. Se
WARN	auth_rls_initplan	public	companies	Table \`public.companies\` has a row level security policy \`companies_delete\` that re-evaluates current_setting() or auth.<function>() for each row. This produces suboptimal query performance at scale. Resolve the issue by replacing \`auth.<function>()\` with \`(select auth.<function>())\`. See [d
WARN	auth_rls_initplan	public	companies	Table \`public.companies\` has a row level security policy \`companies_insert\` that re-evaluates current_setting() or auth.<function>() for each row. This produces suboptimal query performance at scale. Resolve the issue by replacing \`auth.<function>()\` with \`(select auth.<function>())\`. See [d
WARN	auth_rls_initplan	public	companies	Table \`public.companies\` has a row level security policy \`companies_insert_auth\` that re-evaluates current_setting() or auth.<function>() for each row. This produces suboptimal query performance at scale. Resolve the issue by replacing \`auth.<function>()\` with \`(select auth.<function>())\`. S
WARN	auth_rls_initplan	public	companies	Table \`public.companies\` has a row level security policy \`companies_select_all\` that re-evaluates current_setting() or auth.<function>() for each row. This produces suboptimal query performance at scale. Resolve the issue by replacing \`auth.<function>()\` with \`(select auth.<function>())\`. Se
WARN	auth_rls_initplan	public	companies	Table \`public.companies\` has a row level security policy \`companies_update\` that re-evaluates current_setting() or auth.<function>() for each row. This produces suboptimal query performance at scale. Resolve the issue by replacing \`auth.<function>()\` with \`(select auth.<function>())\`. See [d
WARN	auth_rls_initplan	public	companies	Table \`public.companies\` has a row level security policy \`companies_update_own\` that re-evaluates current_setting() or auth.<function>() for each row. This produces suboptimal query performance at scale. Resolve the issue by replacing \`auth.<function>()\` with \`(select auth.<function>())\`. Se
WARN	auth_rls_initplan	public	job_listings	Table \`public.job_listings\` has a row level security policy \`job_listings_delete\` that re-evaluates current_setting() or auth.<function>() for each row. This produces suboptimal query performance at scale. Resolve the issue by replacing \`auth.<function>()\` with \`(select auth.<function>())\`. 
WARN	auth_rls_initplan	public	job_listings	Table \`public.job_listings\` has a row level security policy \`job_listings_insert\` that re-evaluates current_setting() or auth.<function>() for each row. This produces suboptimal query performance at scale. Resolve the issue by replacing \`auth.<function>()\` with \`(select auth.<function>())\`. 
WARN	auth_rls_initplan	public	job_listings	Table \`public.job_listings\` has a row level security policy \`job_listings_update\` that re-evaluates current_setting() or auth.<function>() for each row. This produces suboptimal query performance at scale. Resolve the issue by replacing \`auth.<function>()\` with \`(select auth.<function>())\`. 
WARN	auth_rls_initplan	public	job_listings	Table \`public.job_listings\` has a row level security policy \`jobs_delete_own\` that re-evaluates current_setting() or auth.<function>() for each row. This produces suboptimal query performance at scale. Resolve the issue by replacing \`auth.<function>()\` with \`(select auth.<function>())\`. See 
WARN	auth_rls_initplan	public	job_listings	Table \`public.job_listings\` has a row level security policy \`jobs_insert_auth\` that re-evaluates current_setting() or auth.<function>() for each row. This produces suboptimal query performance at scale. Resolve the issue by replacing \`auth.<function>()\` with \`(select auth.<function>())\`. See
WARN	auth_rls_initplan	public	job_listings	Table \`public.job_listings\` has a row level security policy \`jobs_select_all\` that re-evaluates current_setting() or auth.<function>() for each row. This produces suboptimal query performance at scale. Resolve the issue by replacing \`auth.<function>()\` with \`(select auth.<function>())\`. See 
WARN	auth_rls_initplan	public	job_listings	Table \`public.job_listings\` has a row level security policy \`jobs_update_own\` that re-evaluates current_setting() or auth.<function>() for each row. This produces suboptimal query performance at scale. Resolve the issue by replacing \`auth.<function>()\` with \`(select auth.<function>())\`. See 
WARN	auth_rls_initplan	public	worker_profiles	Table \`public.worker_profiles\` has a row level security policy \`worker_profiles_delete\` that re-evaluates current_setting() or auth.<function>() for each row. This produces suboptimal query performance at scale. Resolve the issue by replacing \`auth.<function>()\` with \`(select auth.<function>(
WARN	auth_rls_initplan	public	worker_profiles	Table \`public.worker_profiles\` has a row level security policy \`worker_profiles_insert\` that re-evaluates current_setting() or auth.<function>() for each row. This produces suboptimal query performance at scale. Resolve the issue by replacing \`auth.<function>()\` with \`(select auth.<function>(
WARN	auth_rls_initplan	public	worker_profiles	Table \`public.worker_profiles\` has a row level security policy \`worker_profiles_update\` that re-evaluates current_setting() or auth.<function>() for each row. This produces suboptimal query performance at scale. Resolve the issue by replacing \`auth.<function>()\` with \`(select auth.<function>(
WARN	auth_rls_initplan	public	worker_profiles	Table \`public.worker_profiles\` has a row level security policy \`workers_insert_auth\` that re-evaluates current_setting() or auth.<function>() for each row. This produces suboptimal query performance at scale. Resolve the issue by replacing \`auth.<function>()\` with \`(select auth.<function>())\
WARN	auth_rls_initplan	public	worker_profiles	Table \`public.worker_profiles\` has a row level security policy \`workers_select_all\` that re-evaluates current_setting() or auth.<function>() for each row. This produces suboptimal query performance at scale. Resolve the issue by replacing \`auth.<function>()\` with \`(select auth.<function>())\`
WARN	auth_rls_initplan	public	worker_profiles	Table \`public.worker_profiles\` has a row level security policy \`workers_update_own\` that re-evaluates current_setting() or auth.<function>() for each row. This produces suboptimal query performance at scale. Resolve the issue by replacing \`auth.<function>()\` with \`(select auth.<function>())\`
WARN	auth_rls_initplan	public	conversations	Table \`public.conversations\` has a row level security policy \`conversations_select\` that re-evaluates current_setting() or auth.<function>() for each row. This produces suboptimal query performance at scale. Resolve the issue by replacing \`auth.<function>()\` with \`(select auth.<function>())\`
WARN	auth_rls_initplan	public	conversations	Table \`public.conversations\` has a row level security policy \`conversations_update\` that re-evaluates current_setting() or auth.<function>() for each row. This produces suboptimal query performance at scale. Resolve the issue by replacing \`auth.<function>()\` with \`(select auth.<function>())\`
WARN	auth_rls_initplan	public	conversations	Table \`public.conversations\` has a row level security policy \`convo_insert_self_in_participants\` that re-evaluates current_setting() or auth.<function>() for each row. This produces suboptimal query performance at scale. Resolve the issue by replacing \`auth.<function>()\` with \`(select auth.<f
WARN	auth_rls_initplan	public	conversations	Table \`public.conversations\` has a row level security policy \`convo_select_participant\` that re-evaluates current_setting() or auth.<function>() for each row. This produces suboptimal query performance at scale. Resolve the issue by replacing \`auth.<function>()\` with \`(select auth.<function>(
WARN	auth_rls_initplan	public	conversations	Table \`public.conversations\` has a row level security policy \`convo_update_participant\` that re-evaluates current_setting() or auth.<function>() for each row. This produces suboptimal query performance at scale. Resolve the issue by replacing \`auth.<function>()\` with \`(select auth.<function>(
WARN	auth_rls_initplan	public	conversation_participants	Table \`public.conversation_participants\` has a row level security policy \`conversation_participants_select\` that re-evaluates current_setting() or auth.<function>() for each row. This produces suboptimal query performance at scale. Resolve the issue by replacing \`auth.<function>()\` with \`(sel
WARN	auth_rls_initplan	public	conversation_participants	Table \`public.conversation_participants\` has a row level security policy \`cp_delete_own\` that re-evaluates current_setting() or auth.<function>() for each row. This produces suboptimal query performance at scale. Resolve the issue by replacing \`auth.<function>()\` with \`(select auth.<function>
WARN	auth_rls_initplan	public	conversation_participants	Table \`public.conversation_participants\` has a row level security policy \`cp_insert_self\` that re-evaluates current_setting() or auth.<function>() for each row. This produces suboptimal query performance at scale. Resolve the issue by replacing \`auth.<function>()\` with \`(select auth.<function
WARN	auth_rls_initplan	public	conversation_participants	Table \`public.conversation_participants\` has a row level security policy \`cp_select_own\` that re-evaluates current_setting() or auth.<function>() for each row. This produces suboptimal query performance at scale. Resolve the issue by replacing \`auth.<function>()\` with \`(select auth.<function>
WARN	auth_rls_initplan	public	messages	Table \`public.messages\` has a row level security policy \`messages_insert\` that re-evaluates current_setting() or auth.<function>() for each row. This produces suboptimal query performance at scale. Resolve the issue by replacing \`auth.<function>()\` with \`(select auth.<function>())\`. See [doc
WARN	auth_rls_initplan	public	messages	Table \`public.messages\` has a row level security policy \`messages_select\` that re-evaluates current_setting() or auth.<function>() for each row. This produces suboptimal query performance at scale. Resolve the issue by replacing \`auth.<function>()\` with \`(select auth.<function>())\`. See [doc
WARN	auth_rls_initplan	public	subscriptions	Table \`public.subscriptions\` has a row level security policy \`subs_tier_insert_own\` that re-evaluates current_setting() or auth.<function>() for each row. This produces suboptimal query performance at scale. Resolve the issue by replacing \`auth.<function>()\` with \`(select auth.<function>())\`
WARN	auth_rls_initplan	public	subscriptions	Table \`public.subscriptions\` has a row level security policy \`subs_tier_select_own\` that re-evaluates current_setting() or auth.<function>() for each row. This produces suboptimal query performance at scale. Resolve the issue by replacing \`auth.<function>()\` with \`(select auth.<function>())\`
WARN	auth_rls_initplan	public	subscriptions	Table \`public.subscriptions\` has a row level security policy \`subs_tier_update_own\` that re-evaluates current_setting() or auth.<function>() for each row. This produces suboptimal query performance at scale. Resolve the issue by replacing \`auth.<function>()\` with \`(select auth.<function>())\`
WARN	auth_rls_initplan	public	materials_pricing	Table \`public.materials_pricing\` has a row level security policy \`materials_select_all\` that re-evaluates current_setting() or auth.<function>() for each row. This produces suboptimal query performance at scale. Resolve the issue by replacing \`auth.<function>()\` with \`(select auth.<function>(
WARN	auth_rls_initplan	public	user_tracked_bids	Table \`public.user_tracked_bids\` has a row level security policy \`tracked_bids_delete_own\` that re-evaluates current_setting() or auth.<function>() for each row. This produces suboptimal query performance at scale. Resolve the issue by replacing \`auth.<function>()\` with \`(select auth.<functio
WARN	auth_rls_initplan	public	user_tracked_bids	Table \`public.user_tracked_bids\` has a row level security policy \`tracked_bids_insert_own\` that re-evaluates current_setting() or auth.<function>() for each row. This produces suboptimal query performance at scale. Resolve the issue by replacing \`auth.<function>()\` with \`(select auth.<functio
WARN	auth_rls_initplan	public	user_tracked_bids	Table \`public.user_tracked_bids\` has a row level security policy \`tracked_bids_select_own\` that re-evaluates current_setting() or auth.<function>() for each row. This produces suboptimal query performance at scale. Resolve the issue by replacing \`auth.<function>()\` with \`(select auth.<functio
WARN	auth_rls_initplan	public	user_tracked_bids	Table \`public.user_tracked_bids\` has a row level security policy \`tracked_bids_update_own\` that re-evaluates current_setting() or auth.<function>() for each row. This produces suboptimal query performance at scale. Resolve the issue by replacing \`auth.<function>()\` with \`(select auth.<functio
WARN	auth_rls_initplan	public	user_tracked_bids	Table \`public.user_tracked_bids\` has a row level security policy \`user_tracked_bids_all\` that re-evaluates current_setting() or auth.<function>() for each row. This produces suboptimal query performance at scale. Resolve the issue by replacing \`auth.<function>()\` with \`(select auth.<function>
WARN	auth_rls_initplan	public	material_prices	Table \`public.material_prices\` has a row level security policy \`material_prices_select_all\` that re-evaluates current_setting() or auth.<function>() for each row. This produces suboptimal query performance at scale. Resolve the issue by replacing \`auth.<function>()\` with \`(select auth.<functi
WARN	auth_rls_initplan	public	labor_rates	Table \`public.labor_rates\` has a row level security policy \`labor_rates_select_all\` that re-evaluates current_setting() or auth.<function>() for each row. This produces suboptimal query performance at scale. Resolve the issue by replacing \`auth.<function>()\` with \`(select auth.<function>())\`
WARN	auth_rls_initplan	public	assemblies	Table \`public.assemblies\` has a row level security policy \`assemblies_delete_own\` that re-evaluates current_setting() or auth.<function>() for each row. This produces suboptimal query performance at scale. Resolve the issue by replacing \`auth.<function>()\` with \`(select auth.<function>())\`. 
WARN	auth_rls_initplan	public	assemblies	Table \`public.assemblies\` has a row level security policy \`assemblies_insert_own\` that re-evaluates current_setting() or auth.<function>() for each row. This produces suboptimal query performance at scale. Resolve the issue by replacing \`auth.<function>()\` with \`(select auth.<function>())\`. 
WARN	auth_rls_initplan	public	assemblies	Table \`public.assemblies\` has a row level security policy \`assemblies_select_all\` that re-evaluates current_setting() or auth.<function>() for each row. This produces suboptimal query performance at scale. Resolve the issue by replacing \`auth.<function>()\` with \`(select auth.<function>())\`. 
WARN	auth_rls_initplan	public	assemblies	Table \`public.assemblies\` has a row level security policy \`assemblies_update_own\` that re-evaluates current_setting() or auth.<function>() for each row. This produces suboptimal query performance at scale. Resolve the issue by replacing \`auth.<function>()\` with \`(select auth.<function>())\`. 
WARN	auth_rls_initplan	public	zip_cost_factors	Table \`public.zip_cost_factors\` has a row level security policy \`zip_factors_select_all\` that re-evaluates current_setting() or auth.<function>() for each row. This produces suboptimal query performance at scale. Resolve the issue by replacing \`auth.<function>()\` with \`(select auth.<function>
WARN	auth_rls_initplan	public	estimate_versions	Table \`public.estimate_versions\` has a row level security policy \`est_versions_delete_own\` that re-evaluates current_setting() or auth.<function>() for each row. This produces suboptimal query performance at scale. Resolve the issue by replacing \`auth.<function>()\` with \`(select auth.<functio
WARN	auth_rls_initplan	public	estimate_versions	Table \`public.estimate_versions\` has a row level security policy \`est_versions_insert_own\` that re-evaluates current_setting() or auth.<function>() for each row. This produces suboptimal query performance at scale. Resolve the issue by replacing \`auth.<function>()\` with \`(select auth.<functio
WARN	auth_rls_initplan	public	estimate_versions	Table \`public.estimate_versions\` has a row level security policy \`est_versions_select_own\` that re-evaluates current_setting() or auth.<function>() for each row. This produces suboptimal query performance at scale. Resolve the issue by replacing \`auth.<function>()\` with \`(select auth.<functio
WARN	auth_rls_initplan	public	estimate_versions	Table \`public.estimate_versions\` has a row level security policy \`estimate_versions_all\` that re-evaluates current_setting() or auth.<function>() for each row. This produces suboptimal query performance at scale. Resolve the issue by replacing \`auth.<function>()\` with \`(select auth.<function>
WARN	auth_rls_initplan	public	bid_responses	Table \`public.bid_responses\` has a row level security policy \`bid_responses_own\` that re-evaluates current_setting() or auth.<function>() for each row. This produces suboptimal query performance at scale. Resolve the issue by replacing \`auth.<function>()\` with \`(select auth.<function>())\`. S
WARN	auth_rls_initplan	public	bid_responses	Table \`public.bid_responses\` has a row level security policy \`bid_responses_view\` that re-evaluates current_setting() or auth.<function>() for each row. This produces suboptimal query performance at scale. Resolve the issue by replacing \`auth.<function>()\` with \`(select auth.<function>())\`. 
WARN	auth_rls_initplan	public	bid_responses	Table \`public.bid_responses\` has a row level security policy \`br_homeowner_update_status\` that re-evaluates current_setting() or auth.<function>() for each row. This produces suboptimal query performance at scale. Resolve the issue by replacing \`auth.<function>()\` with \`(select auth.<function
WARN	auth_rls_initplan	public	plan_sheets	Table \`public.plan_sheets\` has a row level security policy \`plan_sheets_collab_delete\` that re-evaluates current_setting() or auth.<function>() for each row. This produces suboptimal query performance at scale. Resolve the issue by replacing \`auth.<function>()\` with \`(select auth.<function>()
WARN	auth_rls_initplan	public	plan_sheets	Table \`public.plan_sheets\` has a row level security policy \`plan_sheets_collab_insert\` that re-evaluates current_setting() or auth.<function>() for each row. This produces suboptimal query performance at scale. Resolve the issue by replacing \`auth.<function>()\` with \`(select auth.<function>()
WARN	auth_rls_initplan	public	plan_sheets	Table \`public.plan_sheets\` has a row level security policy \`plan_sheets_collab_select\` that re-evaluates current_setting() or auth.<function>() for each row. This produces suboptimal query performance at scale. Resolve the issue by replacing \`auth.<function>()\` with \`(select auth.<function>()
WARN	auth_rls_initplan	public	drawing_pins	Table \`public.drawing_pins\` has a row level security policy \`drawing_pins_collab_delete\` that re-evaluates current_setting() or auth.<function>() for each row. This produces suboptimal query performance at scale. Resolve the issue by replacing \`auth.<function>()\` with \`(select auth.<function>
WARN	auth_rls_initplan	public	drawing_pins	Table \`public.drawing_pins\` has a row level security policy \`drawing_pins_collab_insert\` that re-evaluates current_setting() or auth.<function>() for each row. This produces suboptimal query performance at scale. Resolve the issue by replacing \`auth.<function>()\` with \`(select auth.<function>
WARN	auth_rls_initplan	public	drawing_pins	Table \`public.drawing_pins\` has a row level security policy \`drawing_pins_collab_select\` that re-evaluates current_setting() or auth.<function>() for each row. This produces suboptimal query performance at scale. Resolve the issue by replacing \`auth.<function>()\` with \`(select auth.<function>
WARN	auth_rls_initplan	public	plan_markups	Table \`public.plan_markups\` has a row level security policy \`plan_markups_collab_delete\` that re-evaluates current_setting() or auth.<function>() for each row. This produces suboptimal query performance at scale. Resolve the issue by replacing \`auth.<function>()\` with \`(select auth.<function>
WARN	auth_rls_initplan	public	plan_markups	Table \`public.plan_markups\` has a row level security policy \`plan_markups_collab_insert\` that re-evaluates current_setting() or auth.<function>() for each row. This produces suboptimal query performance at scale. Resolve the issue by replacing \`auth.<function>()\` with \`(select auth.<function>
WARN	auth_rls_initplan	public	plan_markups	Table \`public.plan_markups\` has a row level security policy \`plan_markups_collab_select\` that re-evaluates current_setting() or auth.<function>() for each row. This produces suboptimal query performance at scale. Resolve the issue by replacing \`auth.<function>()\` with \`(select auth.<function>
WARN	auth_rls_initplan	public	plan_calibrations	Table \`public.plan_calibrations\` has a row level security policy \`plan_calibrations_collab_delete\` that re-evaluates current_setting() or auth.<function>() for each row. This produces suboptimal query performance at scale. Resolve the issue by replacing \`auth.<function>()\` with \`(select auth.
WARN	auth_rls_initplan	public	plan_calibrations	Table \`public.plan_calibrations\` has a row level security policy \`plan_calibrations_collab_insert\` that re-evaluates current_setting() or auth.<function>() for each row. This produces suboptimal query performance at scale. Resolve the issue by replacing \`auth.<function>()\` with \`(select auth.
WARN	auth_rls_initplan	public	plan_calibrations	Table \`public.plan_calibrations\` has a row level security policy \`plan_calibrations_collab_select\` that re-evaluates current_setting() or auth.<function>() for each row. This produces suboptimal query performance at scale. Resolve the issue by replacing \`auth.<function>()\` with \`(select auth.
WARN	auth_rls_initplan	public	portal_budget_proposals	Table \`public.portal_budget_proposals\` has a row level security policy \`gc can read own proposals\` that re-evaluates current_setting() or auth.<function>() for each row. This produces suboptimal query performance at scale. Resolve the issue by replacing \`auth.<function>()\` with \`(select auth.
WARN	auth_rls_initplan	public	portal_budget_proposals	Table \`public.portal_budget_proposals\` has a row level security policy \`gc can update own proposals\` that re-evaluates current_setting() or auth.<function>() for each row. This produces suboptimal query performance at scale. Resolve the issue by replacing \`auth.<function>()\` with \`(select aut
WARN	auth_rls_initplan	public	sub_portal_links	Table \`public.sub_portal_links\` has a row level security policy \`gc deletes own sub portal links\` that re-evaluates current_setting() or auth.<function>() for each row. This produces suboptimal query performance at scale. Resolve the issue by replacing \`auth.<function>()\` with \`(select auth.<
WARN	auth_rls_initplan	public	sub_portal_links	Table \`public.sub_portal_links\` has a row level security policy \`gc reads own sub portal links\` that re-evaluates current_setting() or auth.<function>() for each row. This produces suboptimal query performance at scale. Resolve the issue by replacing \`auth.<function>()\` with \`(select auth.<fu
WARN	auth_rls_initplan	public	sub_portal_links	Table \`public.sub_portal_links\` has a row level security policy \`gc updates own sub portal links\` that re-evaluates current_setting() or auth.<function>() for each row. This produces suboptimal query performance at scale. Resolve the issue by replacing \`auth.<function>()\` with \`(select auth.<
WARN	auth_rls_initplan	public	sub_portal_links	Table \`public.sub_portal_links\` has a row level security policy \`gc writes own sub portal links\` that re-evaluates current_setting() or auth.<function>() for each row. This produces suboptimal query performance at scale. Resolve the issue by replacing \`auth.<function>()\` with \`(select auth.<f
WARN	auth_rls_initplan	public	sub_submitted_invoices	Table \`public.sub_submitted_invoices\` has a row level security policy \`gc reads sub invoices for own portals\` that re-evaluates current_setting() or auth.<function>() for each row. This produces suboptimal query performance at scale. Resolve the issue by replacing \`auth.<function>()\` with \`(s
WARN	auth_rls_initplan	public	sub_submitted_invoices	Table \`public.sub_submitted_invoices\` has a row level security policy \`gc updates sub invoices for own portals\` that re-evaluates current_setting() or auth.<function>() for each row. This produces suboptimal query performance at scale. Resolve the issue by replacing \`auth.<function>()\` with \`
WARN	auth_rls_initplan	public	portal_messages	Table \`public.portal_messages\` has a row level security policy \`gc inserts own portal messages\` that re-evaluates current_setting() or auth.<function>() for each row. This produces suboptimal query performance at scale. Resolve the issue by replacing \`auth.<function>()\` with \`(select auth.<fu
WARN	auth_rls_initplan	public	portal_messages	Table \`public.portal_messages\` has a row level security policy \`gc reads own portal messages\` that re-evaluates current_setting() or auth.<function>() for each row. This produces suboptimal query performance at scale. Resolve the issue by replacing \`auth.<function>()\` with \`(select auth.<func
WARN	auth_rls_initplan	public	portal_messages	Table \`public.portal_messages\` has a row level security policy \`gc records client message in own portal\` that re-evaluates current_setting() or auth.<function>() for each row. This produces suboptimal query performance at scale. Resolve the issue by replacing \`auth.<function>()\` with \`(select
WARN	auth_rls_initplan	public	portal_messages	Table \`public.portal_messages\` has a row level security policy \`gc updates read receipts\` that re-evaluates current_setting() or auth.<function>() for each row. This produces suboptimal query performance at scale. Resolve the issue by replacing \`auth.<function>()\` with \`(select auth.<function
WARN	auth_rls_initplan	public	change_order_approvals	Table \`public.change_order_approvals\` has a row level security policy \`gc reads own CO approvals\` that re-evaluates current_setting() or auth.<function>() for each row. This produces suboptimal query performance at scale. Resolve the issue by replacing \`auth.<function>()\` with \`(select auth.<
WARN	auth_rls_initplan	public	change_order_approvals	Table \`public.change_order_approvals\` has a row level security policy \`gc records client CO approval in own portal\` that re-evaluates current_setting() or auth.<function>() for each row. This produces suboptimal query performance at scale. Resolve the issue by replacing \`auth.<function>()\` wit
WARN	auth_rls_initplan	public	change_order_approvals	Table \`public.change_order_approvals\` has a row level security policy \`gc stamps own CO approvals\` that re-evaluates current_setting() or auth.<function>() for each row. This produces suboptimal query performance at scale. Resolve the issue by replacing \`auth.<function>()\` with \`(select auth.
WARN	auth_rls_initplan	public	notification_outbox	Table \`public.notification_outbox\` has a row level security policy \`users delete own outbox\` that re-evaluates current_setting() or auth.<function>() for each row. This produces suboptimal query performance at scale. Resolve the issue by replacing \`auth.<function>()\` with \`(select auth.<funct
WARN	auth_rls_initplan	public	notification_outbox	Table \`public.notification_outbox\` has a row level security policy \`users read own outbox\` that re-evaluates current_setting() or auth.<function>() for each row. This produces suboptimal query performance at scale. Resolve the issue by replacing \`auth.<function>()\` with \`(select auth.<functio
WARN	auth_rls_initplan	public	notification_outbox	Table \`public.notification_outbox\` has a row level security policy \`users update own outbox\` that re-evaluates current_setting() or auth.<function>() for each row. This produces suboptimal query performance at scale. Resolve the issue by replacing \`auth.<function>()\` with \`(select auth.<funct
WARN	auth_rls_initplan	public	project_contracts	Table \`public.project_contracts\` has a row level security policy \`contracts_gc_delete\` that re-evaluates current_setting() or auth.<function>() for each row. This produces suboptimal query performance at scale. Resolve the issue by replacing \`auth.<function>()\` with \`(select auth.<function>()
WARN	auth_rls_initplan	public	project_contracts	Table \`public.project_contracts\` has a row level security policy \`contracts_gc_insert\` that re-evaluates current_setting() or auth.<function>() for each row. This produces suboptimal query performance at scale. Resolve the issue by replacing \`auth.<function>()\` with \`(select auth.<function>()
WARN	auth_rls_initplan	public	project_contracts	Table \`public.project_contracts\` has a row level security policy \`contracts_gc_select\` that re-evaluates current_setting() or auth.<function>() for each row. This produces suboptimal query performance at scale. Resolve the issue by replacing \`auth.<function>()\` with \`(select auth.<function>()
WARN	auth_rls_initplan	public	project_contracts	Table \`public.project_contracts\` has a row level security policy \`contracts_gc_update\` that re-evaluates current_setting() or auth.<function>() for each row. This produces suboptimal query performance at scale. Resolve the issue by replacing \`auth.<function>()\` with \`(select auth.<function>()
WARN	auth_rls_initplan	public	selection_categories	Table \`public.selection_categories\` has a row level security policy \`selcat_gc_delete\` that re-evaluates current_setting() or auth.<function>() for each row. This produces suboptimal query performance at scale. Resolve the issue by replacing \`auth.<function>()\` with \`(select auth.<function>()
WARN	auth_rls_initplan	public	selection_categories	Table \`public.selection_categories\` has a row level security policy \`selcat_gc_insert\` that re-evaluates current_setting() or auth.<function>() for each row. This produces suboptimal query performance at scale. Resolve the issue by replacing \`auth.<function>()\` with \`(select auth.<function>()
WARN	auth_rls_initplan	public	selection_categories	Table \`public.selection_categories\` has a row level security policy \`selcat_gc_select\` that re-evaluates current_setting() or auth.<function>() for each row. This produces suboptimal query performance at scale. Resolve the issue by replacing \`auth.<function>()\` with \`(select auth.<function>()
WARN	auth_rls_initplan	public	selection_categories	Table \`public.selection_categories\` has a row level security policy \`selcat_gc_update\` that re-evaluates current_setting() or auth.<function>() for each row. This produces suboptimal query performance at scale. Resolve the issue by replacing \`auth.<function>()\` with \`(select auth.<function>()
WARN	auth_rls_initplan	public	selection_options	Table \`public.selection_options\` has a row level security policy \`selopt_gc_all\` that re-evaluates current_setting() or auth.<function>() for each row. This produces suboptimal query performance at scale. Resolve the issue by replacing \`auth.<function>()\` with \`(select auth.<function>())\`. S
WARN	auth_rls_initplan	public	lien_waivers	Table \`public.lien_waivers\` has a row level security policy \`lw_gc_delete\` that re-evaluates current_setting() or auth.<function>() for each row. This produces suboptimal query performance at scale. Resolve the issue by replacing \`auth.<function>()\` with \`(select auth.<function>())\`. See [do
WARN	auth_rls_initplan	public	lien_waivers	Table \`public.lien_waivers\` has a row level security policy \`lw_gc_insert\` that re-evaluates current_setting() or auth.<function>() for each row. This produces suboptimal query performance at scale. Resolve the issue by replacing \`auth.<function>()\` with \`(select auth.<function>())\`. See [do
WARN	auth_rls_initplan	public	lien_waivers	Table \`public.lien_waivers\` has a row level security policy \`lw_gc_select\` that re-evaluates current_setting() or auth.<function>() for each row. This produces suboptimal query performance at scale. Resolve the issue by replacing \`auth.<function>()\` with \`(select auth.<function>())\`. See [do
WARN	auth_rls_initplan	public	lien_waivers	Table \`public.lien_waivers\` has a row level security policy \`lw_gc_update\` that re-evaluates current_setting() or auth.<function>() for each row. This produces suboptimal query performance at scale. Resolve the issue by replacing \`auth.<function>()\` with \`(select auth.<function>())\`. See [do
WARN	auth_rls_initplan	public	bid_questions	Table \`public.bid_questions\` has a row level security policy \`bq_ask\` that re-evaluates current_setting() or auth.<function>() for each row. This produces suboptimal query performance at scale. Resolve the issue by replacing \`auth.<function>()\` with \`(select auth.<function>())\`. See [docs](h
WARN	auth_rls_initplan	public	bid_questions	Table \`public.bid_questions\` has a row level security policy \`bq_homeowner_answer\` that re-evaluates current_setting() or auth.<function>() for each row. This produces suboptimal query performance at scale. Resolve the issue by replacing \`auth.<function>()\` with \`(select auth.<function>())\`.
WARN	auth_rls_initplan	public	bid_questions	Table \`public.bid_questions\` has a row level security policy \`bq_homeowner_read_all\` that re-evaluates current_setting() or auth.<function>() for each row. This produces suboptimal query performance at scale. Resolve the issue by replacing \`auth.<function>()\` with \`(select auth.<function>())\
WARN	auth_rls_initplan	public	bid_questions	Table \`public.bid_questions\` has a row level security policy \`bq_read_own\` that re-evaluates current_setting() or auth.<function>() for each row. This produces suboptimal query performance at scale. Resolve the issue by replacing \`auth.<function>()\` with \`(select auth.<function>())\`. See [do
WARN	auth_rls_initplan	public	closeout_binders	Table \`public.closeout_binders\` has a row level security policy \`cb_gc_all\` that re-evaluates current_setting() or auth.<function>() for each row. This produces suboptimal query performance at scale. Resolve the issue by replacing \`auth.<function>()\` with \`(select auth.<function>())\`. See [d
WARN	auth_rls_initplan	public	portal_snapshots	Table \`public.portal_snapshots\` has a row level security policy \`portal_snapshots_owner_write\` that re-evaluates current_setting() or auth.<function>() for each row. This produces suboptimal query performance at scale. Resolve the issue by replacing \`auth.<function>()\` with \`(select auth.<fun
WARN	auth_rls_initplan	public	sub_portal_snapshots	Table \`public.sub_portal_snapshots\` has a row level security policy \`sub_portal_snapshots_owner_write\` that re-evaluates current_setting() or auth.<function>() for each row. This produces suboptimal query performance at scale. Resolve the issue by replacing \`auth.<function>()\` with \`(select a
WARN	auth_rls_initplan	public	leads	Table \`public.leads\` has a row level security policy \`leads_owner_all\` that re-evaluates current_setting() or auth.<function>() for each row. This produces suboptimal query performance at scale. Resolve the issue by replacing \`auth.<function>()\` with \`(select auth.<function>())\`. See [docs](
WARN	auth_rls_initplan	public	bid_packages	Table \`public.bid_packages\` has a row level security policy \`bid_packages_owner_all\` that re-evaluates current_setting() or auth.<function>() for each row. This produces suboptimal query performance at scale. Resolve the issue by replacing \`auth.<function>()\` with \`(select auth.<function>())\
WARN	auth_rls_initplan	public	bid_package_bids	Table \`public.bid_package_bids\` has a row level security policy \`bid_package_bids_owner_all\` that re-evaluates current_setting() or auth.<function>() for each row. This produces suboptimal query performance at scale. Resolve the issue by replacing \`auth.<function>()\` with \`(select auth.<funct
WARN	auth_rls_initplan	public	pro_responses	Table \`public.pro_responses\` has a row level security policy \`gc_reads_own_pro_responses\` that re-evaluates current_setting() or auth.<function>() for each row. This produces suboptimal query performance at scale. Resolve the issue by replacing \`auth.<function>()\` with \`(select auth.<function
WARN	auth_rls_initplan	public	oac_meetings	Table \`public.oac_meetings\` has a row level security policy \`oac_meetings_owner_all\` that re-evaluates current_setting() or auth.<function>() for each row. This produces suboptimal query performance at scale. Resolve the issue by replacing \`auth.<function>()\` with \`(select auth.<function>())\
WARN	auth_rls_initplan	public	cois	Table \`public.cois\` has a row level security policy \`cois_owner_all\` that re-evaluates current_setting() or auth.<function>() for each row. This produces suboptimal query performance at scale. Resolve the issue by replacing \`auth.<function>()\` with \`(select auth.<function>())\`. See [docs](ht
WARN	auth_rls_initplan	public	ai_usage_counters	Table \`public.ai_usage_counters\` has a row level security policy \`users_read_own_usage\` that re-evaluates current_setting() or auth.<function>() for each row. This produces suboptimal query performance at scale. Resolve the issue by replacing \`auth.<function>()\` with \`(select auth.<function>(
WARN	auth_rls_initplan	public	commitments	Table \`public.commitments\` has a row level security policy \`commitments_owner_all\` that re-evaluates current_setting() or auth.<function>() for each row. This produces suboptimal query performance at scale. Resolve the issue by replacing \`auth.<function>()\` with \`(select auth.<function>())\`.
WARN	auth_rls_initplan	public	permits	Table \`public.permits\` has a row level security policy \`permits_collab_delete\` that re-evaluates current_setting() or auth.<function>() for each row. This produces suboptimal query performance at scale. Resolve the issue by replacing \`auth.<function>()\` with \`(select auth.<function>())\`. See
WARN	auth_rls_initplan	public	permits	Table \`public.permits\` has a row level security policy \`permits_collab_insert\` that re-evaluates current_setting() or auth.<function>() for each row. This produces suboptimal query performance at scale. Resolve the issue by replacing \`auth.<function>()\` with \`(select auth.<function>())\`. See
WARN	auth_rls_initplan	public	permits	Table \`public.permits\` has a row level security policy \`permits_collab_select\` that re-evaluates current_setting() or auth.<function>() for each row. This produces suboptimal query performance at scale. Resolve the issue by replacing \`auth.<function>()\` with \`(select auth.<function>())\`. See
WARN	auth_rls_initplan	public	aia_pay_apps	Table \`public.aia_pay_apps\` has a row level security policy \`aia_pay_apps_owner_all\` that re-evaluates current_setting() or auth.<function>() for each row. This produces suboptimal query performance at scale. Resolve the issue by replacing \`auth.<function>()\` with \`(select auth.<function>())\
WARN	auth_rls_initplan	public	warranties	Table \`public.warranties\` has a row level security policy \`warranties_owner_all\` that re-evaluates current_setting() or auth.<function>() for each row. This produces suboptimal query performance at scale. Resolve the issue by replacing \`auth.<function>()\` with \`(select auth.<function>())\`. S
WARN	auth_rls_initplan	public	prequal_packets	Table \`public.prequal_packets\` has a row level security policy \`prequal_packets_owner_all\` that re-evaluates current_setting() or auth.<function>() for each row. This produces suboptimal query performance at scale. Resolve the issue by replacing \`auth.<function>()\` with \`(select auth.<functio
WARN	auth_rls_initplan	public	time_entries	Table \`public.time_entries\` has a row level security policy \`time_entries_collab_delete\` that re-evaluates current_setting() or auth.<function>() for each row. This produces suboptimal query performance at scale. Resolve the issue by replacing \`auth.<function>()\` with \`(select auth.<function>
WARN	auth_rls_initplan	public	time_entries	Table \`public.time_entries\` has a row level security policy \`time_entries_collab_insert\` that re-evaluates current_setting() or auth.<function>() for each row. This produces suboptimal query performance at scale. Resolve the issue by replacing \`auth.<function>()\` with \`(select auth.<function>
WARN	auth_rls_initplan	public	time_entries	Table \`public.time_entries\` has a row level security policy \`time_entries_collab_select\` that re-evaluates current_setting() or auth.<function>() for each row. This produces suboptimal query performance at scale. Resolve the issue by replacing \`auth.<function>()\` with \`(select auth.<function>
WARN	auth_rls_initplan	public	delivery_receipts	Table \`public.delivery_receipts\` has a row level security policy \`delivery_receipts_delete_own\` that re-evaluates current_setting() or auth.<function>() for each row. This produces suboptimal query performance at scale. Resolve the issue by replacing \`auth.<function>()\` with \`(select auth.<fu
WARN	auth_rls_initplan	public	delivery_receipts	Table \`public.delivery_receipts\` has a row level security policy \`delivery_receipts_insert_own\` that re-evaluates current_setting() or auth.<function>() for each row. This produces suboptimal query performance at scale. Resolve the issue by replacing \`auth.<function>()\` with \`(select auth.<fu
WARN	auth_rls_initplan	public	delivery_receipts	Table \`public.delivery_receipts\` has a row level security policy \`delivery_receipts_select_own\` that re-evaluates current_setting() or auth.<function>() for each row. This produces suboptimal query performance at scale. Resolve the issue by replacing \`auth.<function>()\` with \`(select auth.<fu
WARN	auth_rls_initplan	public	delivery_receipts	Table \`public.delivery_receipts\` has a row level security policy \`delivery_receipts_update_own\` that re-evaluates current_setting() or auth.<function>() for each row. This produces suboptimal query performance at scale. Resolve the issue by replacing \`auth.<function>()\` with \`(select auth.<fu
WARN	auth_rls_initplan	public	owner_supplied_items	Table \`public.owner_supplied_items\` has a row level security policy \`owner_supplied_delete_own\` that re-evaluates current_setting() or auth.<function>() for each row. This produces suboptimal query performance at scale. Resolve the issue by replacing \`auth.<function>()\` with \`(select auth.<fu
WARN	auth_rls_initplan	public	owner_supplied_items	Table \`public.owner_supplied_items\` has a row level security policy \`owner_supplied_insert_own\` that re-evaluates current_setting() or auth.<function>() for each row. This produces suboptimal query performance at scale. Resolve the issue by replacing \`auth.<function>()\` with \`(select auth.<fu
WARN	auth_rls_initplan	public	owner_supplied_items	Table \`public.owner_supplied_items\` has a row level security policy \`owner_supplied_select_own\` that re-evaluates current_setting() or auth.<function>() for each row. This produces suboptimal query performance at scale. Resolve the issue by replacing \`auth.<function>()\` with \`(select auth.<fu
WARN	auth_rls_initplan	public	owner_supplied_items	Table \`public.owner_supplied_items\` has a row level security policy \`owner_supplied_update_own\` that re-evaluates current_setting() or auth.<function>() for each row. This produces suboptimal query performance at scale. Resolve the issue by replacing \`auth.<function>()\` with \`(select auth.<fu
WARN	auth_rls_initplan	public	workers	Table \`public.workers\` has a row level security policy \`workers_delete_own\` that re-evaluates current_setting() or auth.<function>() for each row. This produces suboptimal query performance at scale. Resolve the issue by replacing \`auth.<function>()\` with \`(select auth.<function>())\`. See [d
WARN	auth_rls_initplan	public	workers	Table \`public.workers\` has a row level security policy \`workers_insert_own\` that re-evaluates current_setting() or auth.<function>() for each row. This produces suboptimal query performance at scale. Resolve the issue by replacing \`auth.<function>()\` with \`(select auth.<function>())\`. See [d
WARN	auth_rls_initplan	public	workers	Table \`public.workers\` has a row level security policy \`workers_select_own\` that re-evaluates current_setting() or auth.<function>() for each row. This produces suboptimal query performance at scale. Resolve the issue by replacing \`auth.<function>()\` with \`(select auth.<function>())\`. See [d
WARN	auth_rls_initplan	public	workers	Table \`public.workers\` has a row level security policy \`workers_update_own\` that re-evaluates current_setting() or auth.<function>() for each row. This produces suboptimal query performance at scale. Resolve the issue by replacing \`auth.<function>()\` with \`(select auth.<function>())\`. See [d
WARN	auth_rls_initplan	public	draw_periods	Table \`public.draw_periods\` has a row level security policy \`draw_periods_delete_own\` that re-evaluates current_setting() or auth.<function>() for each row. This produces suboptimal query performance at scale. Resolve the issue by replacing \`auth.<function>()\` with \`(select auth.<function>())
WARN	auth_rls_initplan	public	draw_periods	Table \`public.draw_periods\` has a row level security policy \`draw_periods_insert_own\` that re-evaluates current_setting() or auth.<function>() for each row. This produces suboptimal query performance at scale. Resolve the issue by replacing \`auth.<function>()\` with \`(select auth.<function>())
WARN	auth_rls_initplan	public	draw_periods	Table \`public.draw_periods\` has a row level security policy \`draw_periods_select_own\` that re-evaluates current_setting() or auth.<function>() for each row. This produces suboptimal query performance at scale. Resolve the issue by replacing \`auth.<function>()\` with \`(select auth.<function>())
WARN	auth_rls_initplan	public	draw_periods	Table \`public.draw_periods\` has a row level security policy \`draw_periods_update_own\` that re-evaluates current_setting() or auth.<function>() for each row. This produces suboptimal query performance at scale. Resolve the issue by replacing \`auth.<function>()\` with \`(select auth.<function>())
WARN	auth_rls_initplan	public	sub_change_requests	Table \`public.sub_change_requests\` has a row level security policy \`sub_change_requests_delete_own\` that re-evaluates current_setting() or auth.<function>() for each row. This produces suboptimal query performance at scale. Resolve the issue by replacing \`auth.<function>()\` with \`(select auth
WARN	auth_rls_initplan	public	sub_change_requests	Table \`public.sub_change_requests\` has a row level security policy \`sub_change_requests_no_anon_write\` that re-evaluates current_setting() or auth.<function>() for each row. This produces suboptimal query performance at scale. Resolve the issue by replacing \`auth.<function>()\` with \`(select a
WARN	auth_rls_initplan	public	sub_change_requests	Table \`public.sub_change_requests\` has a row level security policy \`sub_change_requests_select_own\` that re-evaluates current_setting() or auth.<function>() for each row. This produces suboptimal query performance at scale. Resolve the issue by replacing \`auth.<function>()\` with \`(select auth
WARN	auth_rls_initplan	public	sub_change_requests	Table \`public.sub_change_requests\` has a row level security policy \`sub_change_requests_update_own\` that re-evaluates current_setting() or auth.<function>() for each row. This produces suboptimal query performance at scale. Resolve the issue by replacing \`auth.<function>()\` with \`(select auth
WARN	auth_rls_initplan	public	permit_templates	Table \`public.permit_templates\` has a row level security policy \`permit_templates_delete_own\` that re-evaluates current_setting() or auth.<function>() for each row. This produces suboptimal query performance at scale. Resolve the issue by replacing \`auth.<function>()\` with \`(select auth.<func
WARN	auth_rls_initplan	public	permit_templates	Table \`public.permit_templates\` has a row level security policy \`permit_templates_insert_own\` that re-evaluates current_setting() or auth.<function>() for each row. This produces suboptimal query performance at scale. Resolve the issue by replacing \`auth.<function>()\` with \`(select auth.<func
WARN	auth_rls_initplan	public	permit_templates	Table \`public.permit_templates\` has a row level security policy \`permit_templates_select_own\` that re-evaluates current_setting() or auth.<function>() for each row. This produces suboptimal query performance at scale. Resolve the issue by replacing \`auth.<function>()\` with \`(select auth.<func
WARN	auth_rls_initplan	public	permit_templates	Table \`public.permit_templates\` has a row level security policy \`permit_templates_update_own\` that re-evaluates current_setting() or auth.<function>() for each row. This produces suboptimal query performance at scale. Resolve the issue by replacing \`auth.<function>()\` with \`(select auth.<func
WARN	auth_rls_initplan	public	contractor_licenses	Table \`public.contractor_licenses\` has a row level security policy \`contractor_licenses_delete_own\` that re-evaluates current_setting() or auth.<function>() for each row. This produces suboptimal query performance at scale. Resolve the issue by replacing \`auth.<function>()\` with \`(select auth
WARN	auth_rls_initplan	public	contractor_licenses	Table \`public.contractor_licenses\` has a row level security policy \`contractor_licenses_insert_own\` that re-evaluates current_setting() or auth.<function>() for each row. This produces suboptimal query performance at scale. Resolve the issue by replacing \`auth.<function>()\` with \`(select auth
WARN	auth_rls_initplan	public	contractor_licenses	Table \`public.contractor_licenses\` has a row level security policy \`contractor_licenses_select_own\` that re-evaluates current_setting() or auth.<function>() for each row. This produces suboptimal query performance at scale. Resolve the issue by replacing \`auth.<function>()\` with \`(select auth
WARN	auth_rls_initplan	public	contractor_licenses	Table \`public.contractor_licenses\` has a row level security policy \`contractor_licenses_update_own\` that re-evaluates current_setting() or auth.<function>() for each row. This produces suboptimal query performance at scale. Resolve the issue by replacing \`auth.<function>()\` with \`(select auth
WARN	auth_rls_initplan	public	feature_interest	Table \`public.feature_interest\` has a row level security policy \`users delete own interest\` that re-evaluates current_setting() or auth.<function>() for each row. This produces suboptimal query performance at scale. Resolve the issue by replacing \`auth.<function>()\` with \`(select auth.<functi
WARN	auth_rls_initplan	public	feature_interest	Table \`public.feature_interest\` has a row level security policy \`users insert own interest\` that re-evaluates current_setting() or auth.<function>() for each row. This produces suboptimal query performance at scale. Resolve the issue by replacing \`auth.<function>()\` with \`(select auth.<functi
WARN	auth_rls_initplan	public	feature_interest	Table \`public.feature_interest\` has a row level security policy \`users select own interest\` that re-evaluates current_setting() or auth.<function>() for each row. This produces suboptimal query performance at scale. Resolve the issue by replacing \`auth.<function>()\` with \`(select auth.<functi
WARN	auth_rls_initplan	public	ai_daily_usage	Table \`public.ai_daily_usage\` has a row level security policy \`ai_daily_usage_owner_read\` that re-evaluates current_setting() or auth.<function>() for each row. This produces suboptimal query performance at scale. Resolve the issue by replacing \`auth.<function>()\` with \`(select auth.<function
WARN	auth_rls_initplan	public	financing_referrals	Table \`public.financing_referrals\` has a row level security policy \`financing_referrals_owner_all\` that re-evaluates current_setting() or auth.<function>() for each row. This produces suboptimal query performance at scale. Resolve the issue by replacing \`auth.<function>()\` with \`(select auth.
WARN	auth_rls_initplan	public	rate_overrides	Table \`public.rate_overrides\` has a row level security policy \`rate_overrides_owner_all\` that re-evaluates current_setting() or auth.<function>() for each row. This produces suboptimal query performance at scale. Resolve the issue by replacing \`auth.<function>()\` with \`(select auth.<function>
WARN	auth_rls_initplan	public	shared_schedule_snapshots	Table \`public.shared_schedule_snapshots\` has a row level security policy \`shared_schedule_snapshots_owner_write\` that re-evaluates current_setting() or auth.<function>() for each row. This produces suboptimal query performance at scale. Resolve the issue by replacing \`auth.<function>()\` with \
WARN	auth_rls_initplan	public	portal_decision_audit	Table \`public.portal_decision_audit\` has a row level security policy \`gc reads own portal audit\` that re-evaluates current_setting() or auth.<function>() for each row. This produces suboptimal query performance at scale. Resolve the issue by replacing \`auth.<function>()\` with \`(select auth.<f
WARN	auth_rls_initplan	public	qbo_connections	Table \`public.qbo_connections\` has a row level security policy \`qbo_connections_owner\` that re-evaluates current_setting() or auth.<function>() for each row. This produces suboptimal query performance at scale. Resolve the issue by replacing \`auth.<function>()\` with \`(select auth.<function>()
WARN	auth_rls_initplan	public	mcp_tokens	Table \`public.mcp_tokens\` has a row level security policy \`mcp_tokens_delete_own\` that re-evaluates current_setting() or auth.<function>() for each row. This produces suboptimal query performance at scale. Resolve the issue by replacing \`auth.<function>()\` with \`(select auth.<function>())\`. 
WARN	auth_rls_initplan	public	mcp_tokens	Table \`public.mcp_tokens\` has a row level security policy \`mcp_tokens_insert_own\` that re-evaluates current_setting() or auth.<function>() for each row. This produces suboptimal query performance at scale. Resolve the issue by replacing \`auth.<function>()\` with \`(select auth.<function>())\`. 
WARN	auth_rls_initplan	public	mcp_tokens	Table \`public.mcp_tokens\` has a row level security policy \`mcp_tokens_select_own\` that re-evaluates current_setting() or auth.<function>() for each row. This produces suboptimal query performance at scale. Resolve the issue by replacing \`auth.<function>()\` with \`(select auth.<function>())\`. 
WARN	auth_rls_initplan	public	mcp_tokens	Table \`public.mcp_tokens\` has a row level security policy \`mcp_tokens_update_own\` that re-evaluates current_setting() or auth.<function>() for each row. This produces suboptimal query performance at scale. Resolve the issue by replacing \`auth.<function>()\` with \`(select auth.<function>())\`. 
WARN	auth_rls_initplan	public	memory_embeddings	Table \`public.memory_embeddings\` has a row level security policy \`memory_embeddings_owner\` that re-evaluates current_setting() or auth.<function>() for each row. This produces suboptimal query performance at scale. Resolve the issue by replacing \`auth.<function>()\` with \`(select auth.<functio
WARN	auth_rls_initplan	public	jhas	Table \`public.jhas\` has a row level security policy \`jhas_delete_own\` that re-evaluates current_setting() or auth.<function>() for each row. This produces suboptimal query performance at scale. Resolve the issue by replacing \`auth.<function>()\` with \`(select auth.<function>())\`. See [docs](h
WARN	auth_rls_initplan	public	jhas	Table \`public.jhas\` has a row level security policy \`jhas_insert_own\` that re-evaluates current_setting() or auth.<function>() for each row. This produces suboptimal query performance at scale. Resolve the issue by replacing \`auth.<function>()\` with \`(select auth.<function>())\`. See [docs](h
WARN	auth_rls_initplan	public	jhas	Table \`public.jhas\` has a row level security policy \`jhas_select_own\` that re-evaluates current_setting() or auth.<function>() for each row. This produces suboptimal query performance at scale. Resolve the issue by replacing \`auth.<function>()\` with \`(select auth.<function>())\`. See [docs](h
WARN	auth_rls_initplan	public	jhas	Table \`public.jhas\` has a row level security policy \`jhas_update_own\` that re-evaluates current_setting() or auth.<function>() for each row. This produces suboptimal query performance at scale. Resolve the issue by replacing \`auth.<function>()\` with \`(select auth.<function>())\`. See [docs](h
WARN	auth_rls_initplan	public	toolbox_talks	Table \`public.toolbox_talks\` has a row level security policy \`toolbox_delete_own\` that re-evaluates current_setting() or auth.<function>() for each row. This produces suboptimal query performance at scale. Resolve the issue by replacing \`auth.<function>()\` with \`(select auth.<function>())\`. 
WARN	auth_rls_initplan	public	toolbox_talks	Table \`public.toolbox_talks\` has a row level security policy \`toolbox_insert_own\` that re-evaluates current_setting() or auth.<function>() for each row. This produces suboptimal query performance at scale. Resolve the issue by replacing \`auth.<function>()\` with \`(select auth.<function>())\`. 
WARN	auth_rls_initplan	public	toolbox_talks	Table \`public.toolbox_talks\` has a row level security policy \`toolbox_select_own\` that re-evaluates current_setting() or auth.<function>() for each row. This produces suboptimal query performance at scale. Resolve the issue by replacing \`auth.<function>()\` with \`(select auth.<function>())\`. 
WARN	auth_rls_initplan	public	toolbox_talks	Table \`public.toolbox_talks\` has a row level security policy \`toolbox_update_own\` that re-evaluates current_setting() or auth.<function>() for each row. This produces suboptimal query performance at scale. Resolve the issue by replacing \`auth.<function>()\` with \`(select auth.<function>())\`. 
WARN	auth_rls_initplan	public	safety_incidents	Table \`public.safety_incidents\` has a row level security policy \`incidents_delete_own\` that re-evaluates current_setting() or auth.<function>() for each row. This produces suboptimal query performance at scale. Resolve the issue by replacing \`auth.<function>()\` with \`(select auth.<function>()
WARN	auth_rls_initplan	public	safety_incidents	Table \`public.safety_incidents\` has a row level security policy \`incidents_insert_own\` that re-evaluates current_setting() or auth.<function>() for each row. This produces suboptimal query performance at scale. Resolve the issue by replacing \`auth.<function>()\` with \`(select auth.<function>()
WARN	auth_rls_initplan	public	safety_incidents	Table \`public.safety_incidents\` has a row level security policy \`incidents_select_own\` that re-evaluates current_setting() or auth.<function>() for each row. This produces suboptimal query performance at scale. Resolve the issue by replacing \`auth.<function>()\` with \`(select auth.<function>()
WARN	auth_rls_initplan	public	safety_incidents	Table \`public.safety_incidents\` has a row level security policy \`incidents_update_own\` that re-evaluates current_setting() or auth.<function>() for each row. This produces suboptimal query performance at scale. Resolve the issue by replacing \`auth.<function>()\` with \`(select auth.<function>()
WARN	auth_rls_initplan	public	hazards	Table \`public.hazards\` has a row level security policy \`hazards_delete_own\` that re-evaluates current_setting() or auth.<function>() for each row. This produces suboptimal query performance at scale. Resolve the issue by replacing \`auth.<function>()\` with \`(select auth.<function>())\`. See [d
WARN	auth_rls_initplan	public	hazards	Table \`public.hazards\` has a row level security policy \`hazards_insert_own\` that re-evaluates current_setting() or auth.<function>() for each row. This produces suboptimal query performance at scale. Resolve the issue by replacing \`auth.<function>()\` with \`(select auth.<function>())\`. See [d
WARN	auth_rls_initplan	public	hazards	Table \`public.hazards\` has a row level security policy \`hazards_select_own\` that re-evaluates current_setting() or auth.<function>() for each row. This produces suboptimal query performance at scale. Resolve the issue by replacing \`auth.<function>()\` with \`(select auth.<function>())\`. See [d
WARN	auth_rls_initplan	public	hazards	Table \`public.hazards\` has a row level security policy \`hazards_update_own\` that re-evaluates current_setting() or auth.<function>() for each row. This produces suboptimal query performance at scale. Resolve the issue by replacing \`auth.<function>()\` with \`(select auth.<function>())\`. See [d
WARN	auth_rls_initplan	public	crew_members	Table \`public.crew_members\` has a row level security policy \`crew_delete_own\` that re-evaluates current_setting() or auth.<function>() for each row. This produces suboptimal query performance at scale. Resolve the issue by replacing \`auth.<function>()\` with \`(select auth.<function>())\`. See 
WARN	auth_rls_initplan	public	crew_members	Table \`public.crew_members\` has a row level security policy \`crew_insert_own\` that re-evaluates current_setting() or auth.<function>() for each row. This produces suboptimal query performance at scale. Resolve the issue by replacing \`auth.<function>()\` with \`(select auth.<function>())\`. See 
WARN	auth_rls_initplan	public	crew_members	Table \`public.crew_members\` has a row level security policy \`crew_select_own_or_claimed\` that re-evaluates current_setting() or auth.<function>() for each row. This produces suboptimal query performance at scale. Resolve the issue by replacing \`auth.<function>()\` with \`(select auth.<function>
WARN	auth_rls_initplan	public	crew_members	Table \`public.crew_members\` has a row level security policy \`crew_update_own_or_claimed\` that re-evaluates current_setting() or auth.<function>() for each row. This produces suboptimal query performance at scale. Resolve the issue by replacing \`auth.<function>()\` with \`(select auth.<function>
WARN	auth_rls_initplan	public	safety_inspections	Table \`public.safety_inspections\` has a row level security policy \`safety_inspections_all_own\` that re-evaluates current_setting() or auth.<function>() for each row. This produces suboptimal query performance at scale. Resolve the issue by replacing \`auth.<function>()\` with \`(select auth.<fun
WARN	auth_rls_initplan	public	certifications	Table \`public.certifications\` has a row level security policy \`certifications_all_own\` that re-evaluates current_setting() or auth.<function>() for each row. This produces suboptimal query performance at scale. Resolve the issue by replacing \`auth.<function>()\` with \`(select auth.<function>()
WARN	auth_rls_initplan	public	safety_templates	Table \`public.safety_templates\` has a row level security policy \`safety_templates_all_own\` that re-evaluates current_setting() or auth.<function>() for each row. This produces suboptimal query performance at scale. Resolve the issue by replacing \`auth.<function>()\` with \`(select auth.<functio
WARN	auth_rls_initplan	public	wip_periods	Table \`public.wip_periods\` has a row level security policy \`wip_periods_delete_own\` that re-evaluates current_setting() or auth.<function>() for each row. This produces suboptimal query performance at scale. Resolve the issue by replacing \`auth.<function>()\` with \`(select auth.<function>())\`
WARN	auth_rls_initplan	public	wip_periods	Table \`public.wip_periods\` has a row level security policy \`wip_periods_insert_own\` that re-evaluates current_setting() or auth.<function>() for each row. This produces suboptimal query performance at scale. Resolve the issue by replacing \`auth.<function>()\` with \`(select auth.<function>())\`
WARN	auth_rls_initplan	public	wip_periods	Table \`public.wip_periods\` has a row level security policy \`wip_periods_select_own\` that re-evaluates current_setting() or auth.<function>() for each row. This produces suboptimal query performance at scale. Resolve the issue by replacing \`auth.<function>()\` with \`(select auth.<function>())\`
WARN	auth_rls_initplan	public	wip_periods	Table \`public.wip_periods\` has a row level security policy \`wip_periods_update_own\` that re-evaluates current_setting() or auth.<function>() for each row. This produces suboptimal query performance at scale. Resolve the issue by replacing \`auth.<function>()\` with \`(select auth.<function>())\`
WARN	auth_rls_initplan	public	scan_records	Table \`public.scan_records\` has a row level security policy \`scan_records_delete_own\` that re-evaluates current_setting() or auth.<function>() for each row. This produces suboptimal query performance at scale. Resolve the issue by replacing \`auth.<function>()\` with \`(select auth.<function>())
WARN	auth_rls_initplan	public	scan_records	Table \`public.scan_records\` has a row level security policy \`scan_records_insert_own\` that re-evaluates current_setting() or auth.<function>() for each row. This produces suboptimal query performance at scale. Resolve the issue by replacing \`auth.<function>()\` with \`(select auth.<function>())
WARN	auth_rls_initplan	public	scan_records	Table \`public.scan_records\` has a row level security policy \`scan_records_select_own\` that re-evaluates current_setting() or auth.<function>() for each row. This produces suboptimal query performance at scale. Resolve the issue by replacing \`auth.<function>()\` with \`(select auth.<function>())
WARN	auth_rls_initplan	public	scan_records	Table \`public.scan_records\` has a row level security policy \`scan_records_update_own\` that re-evaluates current_setting() or auth.<function>() for each row. This produces suboptimal query performance at scale. Resolve the issue by replacing \`auth.<function>()\` with \`(select auth.<function>())
WARN	auth_rls_initplan	public	brain_predictions	Table \`public.brain_predictions\` has a row level security policy \`brain_predictions_owner\` that re-evaluates current_setting() or auth.<function>() for each row. This produces suboptimal query performance at scale. Resolve the issue by replacing \`auth.<function>()\` with \`(select auth.<functio
WARN	auth_rls_initplan	public	qbo_cost_lines	Table \`public.qbo_cost_lines\` has a row level security policy \`qbo_cost_lines_owner\` that re-evaluates current_setting() or auth.<function>() for each row. This produces suboptimal query performance at scale. Resolve the issue by replacing \`auth.<function>()\` with \`(select auth.<function>())\
WARN	auth_rls_initplan	public	project_collaborators	Table \`public.project_collaborators\` has a row level security policy \`pc_invitee_read\` that re-evaluates current_setting() or auth.<function>() for each row. This produces suboptimal query performance at scale. Resolve the issue by replacing \`auth.<function>()\` with \`(select auth.<function>()
WARN	auth_rls_initplan	public	project_collaborators	Table \`public.project_collaborators\` has a row level security policy \`pc_owner_all\` that re-evaluates current_setting() or auth.<function>() for each row. This produces suboptimal query performance at scale. Resolve the issue by replacing \`auth.<function>()\` with \`(select auth.<function>())\`
WARN	auth_rls_initplan	public	rfp_post_credits	Table \`public.rfp_post_credits\` has a row level security policy \`rfp_credits_select_own\` that re-evaluates current_setting() or auth.<function>() for each row. This produces suboptimal query performance at scale. Resolve the issue by replacing \`auth.<function>()\` with \`(select auth.<function>
WARN	auth_rls_initplan	public	rfp_post_payments	Table \`public.rfp_post_payments\` has a row level security policy \`rfp_payments_select_own\` that re-evaluates current_setting() or auth.<function>() for each row. This produces suboptimal query performance at scale. Resolve the issue by replacing \`auth.<function>()\` with \`(select auth.<functio
WARN	auth_rls_initplan	public	cost_benchmark_samples	Table \`public.cost_benchmark_samples\` has a row level security policy \`cbs_own\` that re-evaluates current_setting() or auth.<function>() for each row. This produces suboptimal query performance at scale. Resolve the issue by replacing \`auth.<function>()\` with \`(select auth.<function>())\`. Se
WARN	auth_rls_initplan	public	field_tickets	Table \`public.field_tickets\` has a row level security policy \`field_tickets_collab_delete\` that re-evaluates current_setting() or auth.<function>() for each row. This produces suboptimal query performance at scale. Resolve the issue by replacing \`auth.<function>()\` with \`(select auth.<functio
WARN	auth_rls_initplan	public	field_tickets	Table \`public.field_tickets\` has a row level security policy \`field_tickets_collab_insert\` that re-evaluates current_setting() or auth.<function>() for each row. This produces suboptimal query performance at scale. Resolve the issue by replacing \`auth.<function>()\` with \`(select auth.<functio
WARN	auth_rls_initplan	public	field_tickets	Table \`public.field_tickets\` has a row level security policy \`field_tickets_collab_select\` that re-evaluates current_setting() or auth.<function>() for each row. This produces suboptimal query performance at scale. Resolve the issue by replacing \`auth.<function>()\` with \`(select auth.<functio
WARN	auth_rls_initplan	public	delay_events	Table \`public.delay_events\` has a row level security policy \`delay_events_delete_own\` that re-evaluates current_setting() or auth.<function>() for each row. This produces suboptimal query performance at scale. Resolve the issue by replacing \`auth.<function>()\` with \`(select auth.<function>())
WARN	auth_rls_initplan	public	delay_events	Table \`public.delay_events\` has a row level security policy \`delay_events_insert_own\` that re-evaluates current_setting() or auth.<function>() for each row. This produces suboptimal query performance at scale. Resolve the issue by replacing \`auth.<function>()\` with \`(select auth.<function>())
WARN	auth_rls_initplan	public	delay_events	Table \`public.delay_events\` has a row level security policy \`delay_events_select_own\` that re-evaluates current_setting() or auth.<function>() for each row. This produces suboptimal query performance at scale. Resolve the issue by replacing \`auth.<function>()\` with \`(select auth.<function>())
WARN	auth_rls_initplan	public	delay_events	Table \`public.delay_events\` has a row level security policy \`delay_events_update_own\` that re-evaluates current_setting() or auth.<function>() for each row. This produces suboptimal query performance at scale. Resolve the issue by replacing \`auth.<function>()\` with \`(select auth.<function>())
WARN	auth_rls_initplan	public	cost_seeds	Table \`public.cost_seeds\` has a row level security policy \`cost_seeds_delete\` that re-evaluates current_setting() or auth.<function>() for each row. This produces suboptimal query performance at scale. Resolve the issue by replacing \`auth.<function>()\` with \`(select auth.<function>())\`. See 
WARN	auth_rls_initplan	public	cost_seeds	Table \`public.cost_seeds\` has a row level security policy \`cost_seeds_insert\` that re-evaluates current_setting() or auth.<function>() for each row. This produces suboptimal query performance at scale. Resolve the issue by replacing \`auth.<function>()\` with \`(select auth.<function>())\`. See 
WARN	auth_rls_initplan	public	cost_seeds	Table \`public.cost_seeds\` has a row level security policy \`cost_seeds_select\` that re-evaluates current_setting() or auth.<function>() for each row. This produces suboptimal query performance at scale. Resolve the issue by replacing \`auth.<function>()\` with \`(select auth.<function>())\`. See 
WARN	auth_rls_initplan	public	cost_seeds	Table \`public.cost_seeds\` has a row level security policy \`cost_seeds_update\` that re-evaluates current_setting() or auth.<function>() for each row. This produces suboptimal query performance at scale. Resolve the issue by replacing \`auth.<function>()\` with \`(select auth.<function>())\`. See 
WARN	auth_rls_initplan	public	deliveries	Table \`public.deliveries\` has a row level security policy \`deliveries_collab_insert\` that re-evaluates current_setting() or auth.<function>() for each row. This produces suboptimal query performance at scale. Resolve the issue by replacing \`auth.<function>()\` with \`(select auth.<function>())\
WARN	auth_rls_initplan	public	deliveries	Table \`public.deliveries\` has a row level security policy \`deliveries_collab_select\` that re-evaluates current_setting() or auth.<function>() for each row. This produces suboptimal query performance at scale. Resolve the issue by replacing \`auth.<function>()\` with \`(select auth.<function>())\
WARN	auth_rls_initplan	public	deliveries	Table \`public.deliveries\` has a row level security policy \`deliveries_owner_delete\` that re-evaluates current_setting() or auth.<function>() for each row. This produces suboptimal query performance at scale. Resolve the issue by replacing \`auth.<function>()\` with \`(select auth.<function>())\`
WARN	auth_rls_initplan	public	building_access_rules	Table \`public.building_access_rules\` has a row level security policy \`building_access_rules_collab_insert\` that re-evaluates current_setting() or auth.<function>() for each row. This produces suboptimal query performance at scale. Resolve the issue by replacing \`auth.<function>()\` with \`(sele
WARN	auth_rls_initplan	public	building_access_rules	Table \`public.building_access_rules\` has a row level security policy \`building_access_rules_collab_select\` that re-evaluates current_setting() or auth.<function>() for each row. This produces suboptimal query performance at scale. Resolve the issue by replacing \`auth.<function>()\` with \`(sele
WARN	auth_rls_initplan	public	building_access_rules	Table \`public.building_access_rules\` has a row level security policy \`building_access_rules_owner_delete\` that re-evaluates current_setting() or auth.<function>() for each row. This produces suboptimal query performance at scale. Resolve the issue by replacing \`auth.<function>()\` with \`(selec
WARN	auth_rls_initplan	public	access_reservations	Table \`public.access_reservations\` has a row level security policy \`access_reservations_collab_insert\` that re-evaluates current_setting() or auth.<function>() for each row. This produces suboptimal query performance at scale. Resolve the issue by replacing \`auth.<function>()\` with \`(select a
WARN	auth_rls_initplan	public	access_reservations	Table \`public.access_reservations\` has a row level security policy \`access_reservations_collab_select\` that re-evaluates current_setting() or auth.<function>() for each row. This produces suboptimal query performance at scale. Resolve the issue by replacing \`auth.<function>()\` with \`(select a
WARN	auth_rls_initplan	public	access_reservations	Table \`public.access_reservations\` has a row level security policy \`access_reservations_owner_delete\` that re-evaluates current_setting() or auth.<function>() for each row. This produces suboptimal query performance at scale. Resolve the issue by replacing \`auth.<function>()\` with \`(select au
WARN	auth_rls_initplan	public	project_financials	Table \`public.project_financials\` has a row level security policy \`project_financials_delete\` that re-evaluates current_setting() or auth.<function>() for each row. This produces suboptimal query performance at scale. Resolve the issue by replacing \`auth.<function>()\` with \`(select auth.<func
INFO	unused_index	public	sub_submitted_invoices	Index \`sub_submitted_invoices_paid_on_idx\` on table \`public.sub_submitted_invoices\` has not been used
INFO	unused_index	public	rfis	Index \`rfis_assigned_sub_id_idx\` on table \`public.rfis\` has not been used
INFO	unused_index	public	commitments	Index \`idx_commitments_project\` on table \`public.commitments\` has not been used
INFO	unused_index	public	commitments	Index \`idx_commitments_sub\` on table \`public.commitments\` has not been used
INFO	unused_index	public	delay_events	Index \`delay_events_open_notice_idx\` on table \`public.delay_events\` has not been used
INFO	unused_index	public	change_orders	Index \`idx_change_orders_project\` on table \`public.change_orders\` has not been used
INFO	unused_index	public	change_orders	Index \`idx_change_orders_user\` on table \`public.change_orders\` has not been used
INFO	unused_index	public	permits	Index \`idx_permits_project\` on table \`public.permits\` has not been used
INFO	unused_index	public	scan_records	Index \`idx_scan_records_project\` on table \`public.scan_records\` has not been used
INFO	unused_index	public	invoices	Index \`idx_invoices_project\` on table \`public.invoices\` has not been used
INFO	unused_index	public	invoices	Index \`idx_invoices_user\` on table \`public.invoices\` has not been used
INFO	unused_index	public	shared_schedule_snapshots	Index \`shared_schedule_snapshots_expires_idx\` on table \`public.shared_schedule_snapshots\` has not been used
INFO	unused_index	public	daily_reports	Index \`idx_daily_reports_project\` on table \`public.daily_reports\` has not been used
INFO	unused_index	public	daily_reports	Index \`idx_daily_reports_user\` on table \`public.daily_reports\` has not been used
INFO	unused_index	public	portal_snapshots	Index \`portal_snapshots_expires_at_idx\` on table \`public.portal_snapshots\` has not been used
INFO	unused_index	public	aia_pay_apps	Index \`idx_aia_pay_apps_project\` on table \`public.aia_pay_apps\` has not been used
INFO	unused_index	public	subcontractors	Index \`idx_subcontractors_user\` on table \`public.subcontractors\` has not been used
INFO	unused_index	public	punch_items	Index \`idx_punch_items_project\` on table \`public.punch_items\` has not been used
INFO	unused_index	public	photos	Index \`idx_photos_project\` on table \`public.photos\` has not been used
INFO	unused_index	public	photos	Index \`idx_photos_user\` on table \`public.photos\` has not been used
INFO	unused_index	public	warranties	Index \`idx_warranties_project\` on table \`public.warranties\` has not been used
INFO	unused_index	public	warranties	Index \`idx_warranties_end_date\` on table \`public.warranties\` has not been used
INFO	unused_index	public	rfis	Index \`idx_rfis_project\` on table \`public.rfis\` has not been used
INFO	unused_index	public	prequal_packets	Index \`idx_prequal_packets_sub\` on table \`public.prequal_packets\` has not been used
INFO	unused_index	public	prequal_packets	Index \`idx_prequal_packets_token\` on table \`public.prequal_packets\` has not been used
INFO	unused_index	public	equipment	Index \`idx_equipment_user\` on table \`public.equipment\` has not been used
INFO	unused_index	public	submittals	Index \`idx_submittals_project\` on table \`public.submittals\` has not been used
INFO	unused_index	public	deliveries	Index \`deliveries_open_expected_idx\` on table \`public.deliveries\` has not been used
INFO	unused_index	public	contacts	Index \`idx_contacts_user\` on table \`public.contacts\` has not been used
INFO	unused_index	public	price_alerts	Index \`idx_price_alerts_user\` on table \`public.price_alerts\` has not been used
INFO	unused_index	public	comm_events	Index \`idx_comm_events_user\` on table \`public.comm_events\` has not been used
INFO	unused_index	public	public_bids	Index \`idx_public_bids_state\` on table \`public.public_bids\` has not been used
INFO	unused_index	public	companies	Index \`idx_companies_state\` on table \`public.companies\` has not been used
INFO	unused_index	public	deliveries	Index \`deliveries_project_idx\` on table \`public.deliveries\` has not been used
INFO	unused_index	public	job_listings	Index \`idx_job_listings_status\` on table \`public.job_listings\` has not been used
INFO	unused_index	public	worker_profiles	Index \`idx_worker_profiles_trade\` on table \`public.worker_profiles\` has not been used
INFO	unused_index	public	portal_budget_proposals	Index \`idx_pbp_portal\` on table \`public.portal_budget_proposals\` has not been used
INFO	unused_index	public	notification_outbox	Index \`idx_outbox_source\` on table \`public.notification_outbox\` has not been used
INFO	unused_index	public	conversation_participants	Index \`idx_conversation_participants_user\` on table \`public.conversation_participants\` has not been used
INFO	unused_index	public	messages	Index \`idx_messages_conversation\` on table \`public.messages\` has not been used
INFO	unused_index	public	messages	Index \`idx_messages_timestamp\` on table \`public.messages\` has not been used
INFO	unused_index	public	time_entries	Index \`time_entries_user_idx\` on table \`public.time_entries\` has not been used
INFO	unused_index	public	time_entries	Index \`time_entries_project_date_idx\` on table \`public.time_entries\` has not been used
INFO	unused_index	public	delay_events	Index \`delay_events_project_idx\` on table \`public.delay_events\` has not been used
INFO	unused_index	public	delivery_receipts	Index \`delivery_receipts_delivery_idx\` on table \`public.delivery_receipts\` has not been used
INFO	unused_index	public	materials_pricing	Index \`idx_materials_region\` on table \`public.materials_pricing\` has not been used
INFO	unused_index	public	sub_portal_links	Index \`idx_sub_portal_links_project\` on table \`public.sub_portal_links\` has not been used
INFO	unused_index	public	daily_reports	Index \`daily_reports_published_summary_idx\` on table \`public.daily_reports\` has not been used
INFO	unused_index	public	portal_decision_audit	Index \`idx_portal_audit_portal_time\` on table \`public.portal_decision_audit\` has not been used
INFO	unused_index	public	permit_templates	Index \`idx_permit_templates_user\` on table \`public.permit_templates\` has not been used
INFO	unused_index	public	plan_sheets	Index \`plan_sheets_project_number_idx\` on table \`public.plan_sheets\` has not been used
INFO	unused_index	public	cached_jobs	Index \`idx_jobs_location\` on table \`public.cached_jobs\` has not been used
INFO	unused_index	public	cached_companies	Index \`idx_companies_location\` on table \`public.cached_companies\` has not been used
INFO	unused_index	public	change_order_approvals	Index \`idx_coa_co\` on table \`public.change_order_approvals\` has not been used
INFO	unused_index	public	access_reservations	Index \`access_reservations_open_idx\` on table \`public.access_reservations\` has not been used
INFO	unused_index	public	access_reservations	Index \`access_reservations_delivery_idx\` on table \`public.access_reservations\` has not been used
INFO	unused_index	public	material_prices	Index \`idx_material_prices_lookup\` on table \`public.material_prices\` has not been used
INFO	unused_index	public	user_tracked_bids	Index \`idx_tracked_bids_bid\` on table \`public.user_tracked_bids\` has not been used
INFO	unused_index	public	material_prices	Index \`idx_material_prices_category\` on table \`public.material_prices\` has not been used
INFO	unused_index	public	material_prices	Index \`idx_material_prices_expiry\` on table \`public.material_prices\` has not been used
INFO	unused_index	public	labor_rates	Index \`idx_labor_rates_trade\` on table \`public.labor_rates\` has not been used
INFO	unused_index	public	labor_rates	Index \`idx_labor_rates_region\` on table \`public.labor_rates\` has not been used
INFO	unused_index	public	labor_rates	Index \`idx_labor_rates_state\` on table \`public.labor_rates\` has not been used
INFO	unused_index	public	assemblies	Index \`idx_assemblies_category\` on table \`public.assemblies\` has not been used
INFO	unused_index	public	estimate_versions	Index \`idx_estimate_versions_project\` on table \`public.estimate_versions\` has not been used
INFO	unused_index	public	delivery_receipts	Index \`idx_delivery_receipts_project_date\` on table \`public.delivery_receipts\` has not been used
INFO	unused_index	public	delivery_receipts	Index \`idx_delivery_receipts_user\` on table \`public.delivery_receipts\` has not been used
INFO	unused_index	public	messages	Index \`idx_messages_conversation_id\` on table \`public.messages\` has not been used
INFO	unused_index	public	conversation_participants	Index \`idx_conversation_participants_conversation_id\` on table \`public.conversation_participants\` has not been used
INFO	unused_index	public	notification_outbox	Index \`idx_outbox_unread\` on table \`public.notification_outbox\` has not been used
INFO	unused_index	public	public_bids	Index \`idx_public_bids_homeowner\` on table \`public.public_bids\` has not been used
INFO	unused_index	public	public_bids	Index \`idx_public_bids_lat_lng\` on table \`public.public_bids\` has not been used
INFO	unused_index	public	owner_supplied_items	Index \`idx_owner_supplied_project_status\` on table \`public.owner_supplied_items\` has not been used
INFO	unused_index	public	selection_options	Index \`idx_selection_options_chosen\` on table \`public.selection_options\` has not been used
INFO	unused_index	public	portal_snapshots	Index \`portal_snapshots_project_id_idx\` on table \`public.portal_snapshots\` has not been used
INFO	unused_index	public	leads	Index \`leads_user_id_idx\` on table \`public.leads\` has not been used
INFO	unused_index	public	leads	Index \`leads_stage_idx\` on table \`public.leads\` has not been used
INFO	unused_index	public	bid_packages	Index \`bid_packages_user_id_idx\` on table \`public.bid_packages\` has not been used
INFO	unused_index	public	workers	Index \`idx_workers_user_id_active\` on table \`public.workers\` has not been used
INFO	unused_index	public	bid_package_bids	Index \`bid_package_bids_user_id_idx\` on table \`public.bid_package_bids\` has not been used
INFO	unused_index	public	memory_embeddings	Index \`memory_embeddings_vec_idx\` on table \`public.memory_embeddings\` has not been used
INFO	unused_index	public	feature_interest	Index \`feature_interest_event_idx\` on table \`public.feature_interest\` has not been used
INFO	unused_index	public	rfis	Index \`idx_rfis_share_token\` on table \`public.rfis\` has not been used
INFO	unused_index	public	submittals	Index \`idx_submittals_share_token\` on table \`public.submittals\` has not been used
INFO	unused_index	public	cois	Index \`idx_cois_project\` on table \`public.cois\` has not been used
INFO	unused_index	public	pro_responses	Index \`idx_pro_responses_token\` on table \`public.pro_responses\` has not been used
INFO	unused_index	public	projects	Index \`idx_projects_warranty_walk_pending\` on table \`public.projects\` has not been used
INFO	unused_index	public	oac_meetings	Index \`idx_oac_meetings_scheduled\` on table \`public.oac_meetings\` has not been used
INFO	unused_index	public	email_unsubscribes	Index \`idx_email_unsubscribes_email\` on table \`public.email_unsubscribes\` has not been used
INFO	unused_index	public	project_collaborators	Index \`idx_project_collaborators_user\` on table \`public.project_collaborators\` has not been used
INFO	unused_index	public	city_coords	Index \`idx_city_coords_state\` on table \`public.city_coords\` has not been used
INFO	unused_index	public	rate_limit_counters	Index \`idx_rate_limit_counters_age\` on table \`public.rate_limit_counters\` has not been used
INFO	unused_index	public	project_financials	Index \`project_financials_user_id_idx\` on table \`public.project_financials\` has not been used
INFO	unused_index	public	sub_change_requests	Index \`idx_sub_change_requests_project\` on table \`public.sub_change_requests\` has not been used
INFO	unused_index	public	sub_change_requests	Index \`idx_sub_change_requests_sub_portal\` on table \`public.sub_change_requests\` has not been used
INFO	unused_index	public	time_entries	Index \`idx_time_entries_project\` on table \`public.time_entries\` has not been used
INFO	unused_index	public	jhas	Index \`idx_jhas_project\` on table \`public.jhas\` has not been used
INFO	unused_index	public	safety_incidents	Index \`idx_safety_incidents_project\` on table \`public.safety_incidents\` has not been used
INFO	unused_index	public	toolbox_talks	Index \`idx_toolbox_talks_project\` on table \`public.toolbox_talks\` has not been used
INFO	unused_index	public	hazards	Index \`idx_hazards_project\` on table \`public.hazards\` has not been used
INFO	unused_index	public	crew_members	Index \`idx_crew_members_claim_token\` on table \`public.crew_members\` has not been used
INFO	unused_index	public	invoices	Index \`invoices_source_milestone_id_idx\` on table \`public.invoices\` has not been used
INFO	unused_index	public	safety_inspections	Index \`safety_inspections_project_idx\` on table \`public.safety_inspections\` has not been used
INFO	unused_index	public	certifications	Index \`certifications_worker_idx\` on table \`public.certifications\` has not been used
INFO	unused_index	public	certifications	Index \`certifications_sub_idx\` on table \`public.certifications\` has not been used
INFO	unused_index	public	change_orders	Index \`change_orders_pending_reflow_idx\` on table \`public.change_orders\` has not been used
INFO	unused_index	public	field_tickets	Index \`field_tickets_project_idx\` on table \`public.field_tickets\` has not been used
INFO	unused_index	public	field_tickets	Index \`field_tickets_unbilled_idx\` on table \`public.field_tickets\` has not been used
WARN	multiple_permissive_policies	public	bid_questions	Table \`public.bid_questions\` has multiple permissive policies for role \`authenticated\` for action \`SELECT\`. Policies include \`{bq_homeowner_read_all,bq_read_own,bq_read_public}\`
WARN	multiple_permissive_policies	public	bid_responses	Table \`public.bid_responses\` has multiple permissive policies for role \`anon\` for action \`SELECT\`. Policies include \`{bid_responses_own,bid_responses_view}\`
WARN	multiple_permissive_policies	public	bid_responses	Table \`public.bid_responses\` has multiple permissive policies for role \`anon\` for action \`UPDATE\`. Policies include \`{bid_responses_own,br_homeowner_update_status}\`
WARN	multiple_permissive_policies	public	bid_responses	Table \`public.bid_responses\` has multiple permissive policies for role \`authenticated\` for action \`SELECT\`. Policies include \`{bid_responses_own,bid_responses_view}\`
WARN	multiple_permissive_policies	public	bid_responses	Table \`public.bid_responses\` has multiple permissive policies for role \`authenticated\` for action \`UPDATE\`. Policies include \`{bid_responses_own,br_homeowner_update_status}\`
WARN	multiple_permissive_policies	public	bid_responses	Table \`public.bid_responses\` has multiple permissive policies for role \`authenticator\` for action \`SELECT\`. Policies include \`{bid_responses_own,bid_responses_view}\`
WARN	multiple_permissive_policies	public	bid_responses	Table \`public.bid_responses\` has multiple permissive policies for role \`authenticator\` for action \`UPDATE\`. Policies include \`{bid_responses_own,br_homeowner_update_status}\`
WARN	multiple_permissive_policies	public	bid_responses	Table \`public.bid_responses\` has multiple permissive policies for role \`cli_login_postgres\` for action \`SELECT\`. Policies include \`{bid_responses_own,bid_responses_view}\`
WARN	multiple_permissive_policies	public	bid_responses	Table \`public.bid_responses\` has multiple permissive policies for role \`cli_login_postgres\` for action \`UPDATE\`. Policies include \`{bid_responses_own,br_homeowner_update_status}\`
WARN	multiple_permissive_policies	public	bid_responses	Table \`public.bid_responses\` has multiple permissive policies for role \`dashboard_user\` for action \`SELECT\`. Policies include \`{bid_responses_own,bid_responses_view}\`
WARN	multiple_permissive_policies	public	bid_responses	Table \`public.bid_responses\` has multiple permissive policies for role \`dashboard_user\` for action \`UPDATE\`. Policies include \`{bid_responses_own,br_homeowner_update_status}\`
WARN	multiple_permissive_policies	public	bid_responses	Table \`public.bid_responses\` has multiple permissive policies for role \`supabase_privileged_role\` for action \`SELECT\`. Policies include \`{bid_responses_own,bid_responses_view}\`
WARN	multiple_permissive_policies	public	bid_responses	Table \`public.bid_responses\` has multiple permissive policies for role \`supabase_privileged_role\` for action \`UPDATE\`. Policies include \`{bid_responses_own,br_homeowner_update_status}\`
WARN	multiple_permissive_policies	public	change_orders	Table \`public.change_orders\` has multiple permissive policies for role \`anon\` for action \`DELETE\`. Policies include \`{change_orders_delete,co_delete_own}\`
WARN	multiple_permissive_policies	public	change_orders	Table \`public.change_orders\` has multiple permissive policies for role \`anon\` for action \`INSERT\`. Policies include \`{change_orders_insert,co_insert_own}\`
WARN	multiple_permissive_policies	public	change_orders	Table \`public.change_orders\` has multiple permissive policies for role \`anon\` for action \`SELECT\`. Policies include \`{change_orders_select,co_select_own}\`
WARN	multiple_permissive_policies	public	change_orders	Table \`public.change_orders\` has multiple permissive policies for role \`anon\` for action \`UPDATE\`. Policies include \`{change_orders_update,co_update_own}\`
WARN	multiple_permissive_policies	public	change_orders	Table \`public.change_orders\` has multiple permissive policies for role \`authenticated\` for action \`DELETE\`. Policies include \`{change_orders_delete,co_delete_own}\`
WARN	multiple_permissive_policies	public	change_orders	Table \`public.change_orders\` has multiple permissive policies for role \`authenticated\` for action \`INSERT\`. Policies include \`{change_orders_insert,co_insert_own}\`
WARN	multiple_permissive_policies	public	change_orders	Table \`public.change_orders\` has multiple permissive policies for role \`authenticated\` for action \`SELECT\`. Policies include \`{change_orders_select,co_select_own}\`
WARN	multiple_permissive_policies	public	change_orders	Table \`public.change_orders\` has multiple permissive policies for role \`authenticated\` for action \`UPDATE\`. Policies include \`{change_orders_update,co_update_own}\`
WARN	multiple_permissive_policies	public	change_orders	Table \`public.change_orders\` has multiple permissive policies for role \`authenticator\` for action \`DELETE\`. Policies include \`{change_orders_delete,co_delete_own}\`
WARN	multiple_permissive_policies	public	change_orders	Table \`public.change_orders\` has multiple permissive policies for role \`authenticator\` for action \`INSERT\`. Policies include \`{change_orders_insert,co_insert_own}\`
WARN	multiple_permissive_policies	public	change_orders	Table \`public.change_orders\` has multiple permissive policies for role \`authenticator\` for action \`SELECT\`. Policies include \`{change_orders_select,co_select_own}\`
WARN	multiple_permissive_policies	public	change_orders	Table \`public.change_orders\` has multiple permissive policies for role \`authenticator\` for action \`UPDATE\`. Policies include \`{change_orders_update,co_update_own}\`
WARN	multiple_permissive_policies	public	change_orders	Table \`public.change_orders\` has multiple permissive policies for role \`cli_login_postgres\` for action \`DELETE\`. Policies include \`{change_orders_delete,co_delete_own}\`
WARN	multiple_permissive_policies	public	change_orders	Table \`public.change_orders\` has multiple permissive policies for role \`cli_login_postgres\` for action \`INSERT\`. Policies include \`{change_orders_insert,co_insert_own}\`
WARN	multiple_permissive_policies	public	change_orders	Table \`public.change_orders\` has multiple permissive policies for role \`cli_login_postgres\` for action \`SELECT\`. Policies include \`{change_orders_select,co_select_own}\`
WARN	multiple_permissive_policies	public	change_orders	Table \`public.change_orders\` has multiple permissive policies for role \`cli_login_postgres\` for action \`UPDATE\`. Policies include \`{change_orders_update,co_update_own}\`
WARN	multiple_permissive_policies	public	change_orders	Table \`public.change_orders\` has multiple permissive policies for role \`dashboard_user\` for action \`DELETE\`. Policies include \`{change_orders_delete,co_delete_own}\`
WARN	multiple_permissive_policies	public	change_orders	Table \`public.change_orders\` has multiple permissive policies for role \`dashboard_user\` for action \`INSERT\`. Policies include \`{change_orders_insert,co_insert_own}\`
WARN	multiple_permissive_policies	public	change_orders	Table \`public.change_orders\` has multiple permissive policies for role \`dashboard_user\` for action \`SELECT\`. Policies include \`{change_orders_select,co_select_own}\`
WARN	multiple_permissive_policies	public	change_orders	Table \`public.change_orders\` has multiple permissive policies for role \`dashboard_user\` for action \`UPDATE\`. Policies include \`{change_orders_update,co_update_own}\`
WARN	multiple_permissive_policies	public	change_orders	Table \`public.change_orders\` has multiple permissive policies for role \`supabase_privileged_role\` for action \`DELETE\`. Policies include \`{change_orders_delete,co_delete_own}\`
WARN	multiple_permissive_policies	public	change_orders	Table \`public.change_orders\` has multiple permissive policies for role \`supabase_privileged_role\` for action \`INSERT\`. Policies include \`{change_orders_insert,co_insert_own}\`
WARN	multiple_permissive_policies	public	change_orders	Table \`public.change_orders\` has multiple permissive policies for role \`supabase_privileged_role\` for action \`SELECT\`. Policies include \`{change_orders_select,co_select_own}\`
WARN	multiple_permissive_policies	public	change_orders	Table \`public.change_orders\` has multiple permissive policies for role \`supabase_privileged_role\` for action \`UPDATE\`. Policies include \`{change_orders_update,co_update_own}\`
WARN	multiple_permissive_policies	public	comm_events	Table \`public.comm_events\` has multiple permissive policies for role \`anon\` for action \`INSERT\`. Policies include \`{comm_events_insert,comm_insert_own}\`
WARN	multiple_permissive_policies	public	comm_events	Table \`public.comm_events\` has multiple permissive policies for role \`anon\` for action \`SELECT\`. Policies include \`{comm_events_select,comm_select_own}\`
WARN	multiple_permissive_policies	public	comm_events	Table \`public.comm_events\` has multiple permissive policies for role \`authenticated\` for action \`INSERT\`. Policies include \`{comm_events_insert,comm_insert_own}\`
WARN	multiple_permissive_policies	public	comm_events	Table \`public.comm_events\` has multiple permissive policies for role \`authenticated\` for action \`SELECT\`. Policies include \`{comm_events_select,comm_select_own}\`
WARN	multiple_permissive_policies	public	comm_events	Table \`public.comm_events\` has multiple permissive policies for role \`authenticator\` for action \`INSERT\`. Policies include \`{comm_events_insert,comm_insert_own}\`
WARN	multiple_permissive_policies	public	comm_events	Table \`public.comm_events\` has multiple permissive policies for role \`authenticator\` for action \`SELECT\`. Policies include \`{comm_events_select,comm_select_own}\`
WARN	multiple_permissive_policies	public	comm_events	Table \`public.comm_events\` has multiple permissive policies for role \`cli_login_postgres\` for action \`INSERT\`. Policies include \`{comm_events_insert,comm_insert_own}\`
WARN	multiple_permissive_policies	public	comm_events	Table \`public.comm_events\` has multiple permissive policies for role \`cli_login_postgres\` for action \`SELECT\`. Policies include \`{comm_events_select,comm_select_own}\`
WARN	multiple_permissive_policies	public	comm_events	Table \`public.comm_events\` has multiple permissive policies for role \`dashboard_user\` for action \`INSERT\`. Policies include \`{comm_events_insert,comm_insert_own}\`
WARN	multiple_permissive_policies	public	comm_events	Table \`public.comm_events\` has multiple permissive policies for role \`dashboard_user\` for action \`SELECT\`. Policies include \`{comm_events_select,comm_select_own}\`
WARN	multiple_permissive_policies	public	comm_events	Table \`public.comm_events\` has multiple permissive policies for role \`supabase_privileged_role\` for action \`INSERT\`. Policies include \`{comm_events_insert,comm_insert_own}\`
WARN	multiple_permissive_policies	public	comm_events	Table \`public.comm_events\` has multiple permissive policies for role \`supabase_privileged_role\` for action \`SELECT\`. Policies include \`{comm_events_select,comm_select_own}\`
WARN	multiple_permissive_policies	public	companies	Table \`public.companies\` has multiple permissive policies for role \`anon\` for action \`INSERT\`. Policies include \`{companies_insert,companies_insert_auth}\`
WARN	multiple_permissive_policies	public	companies	Table \`public.companies\` has multiple permissive policies for role \`anon\` for action \`UPDATE\`. Policies include \`{companies_update,companies_update_own}\`
WARN	multiple_permissive_policies	public	companies	Table \`public.companies\` has multiple permissive policies for role \`authenticated\` for action \`INSERT\`. Policies include \`{companies_insert,companies_insert_auth}\`
WARN	multiple_permissive_policies	public	companies	Table \`public.companies\` has multiple permissive policies for role \`authenticated\` for action \`SELECT\`. Policies include \`{companies_select,companies_select_all}\`
WARN	multiple_permissive_policies	public	companies	Table \`public.companies\` has multiple permissive policies for role \`authenticated\` for action \`UPDATE\`. Policies include \`{companies_update,companies_update_own}\`
WARN	multiple_permissive_policies	public	companies	Table \`public.companies\` has multiple permissive policies for role \`authenticator\` for action \`INSERT\`. Policies include \`{companies_insert,companies_insert_auth}\`
WARN	multiple_permissive_policies	public	companies	Table \`public.companies\` has multiple permissive policies for role \`authenticator\` for action \`UPDATE\`. Policies include \`{companies_update,companies_update_own}\`
WARN	multiple_permissive_policies	public	companies	Table \`public.companies\` has multiple permissive policies for role \`cli_login_postgres\` for action \`INSERT\`. Policies include \`{companies_insert,companies_insert_auth}\`
WARN	multiple_permissive_policies	public	companies	Table \`public.companies\` has multiple permissive policies for role \`cli_login_postgres\` for action \`UPDATE\`. Policies include \`{companies_update,companies_update_own}\`
WARN	multiple_permissive_policies	public	companies	Table \`public.companies\` has multiple permissive policies for role \`dashboard_user\` for action \`INSERT\`. Policies include \`{companies_insert,companies_insert_auth}\`
WARN	multiple_permissive_policies	public	companies	Table \`public.companies\` has multiple permissive policies for role \`dashboard_user\` for action \`UPDATE\`. Policies include \`{companies_update,companies_update_own}\`
WARN	multiple_permissive_policies	public	companies	Table \`public.companies\` has multiple permissive policies for role \`supabase_privileged_role\` for action \`INSERT\`. Policies include \`{companies_insert,companies_insert_auth}\`
WARN	multiple_permissive_policies	public	companies	Table \`public.companies\` has multiple permissive policies for role \`supabase_privileged_role\` for action \`UPDATE\`. Policies include \`{companies_update,companies_update_own}\`
WARN	multiple_permissive_policies	public	contacts	Table \`public.contacts\` has multiple permissive policies for role \`anon\` for action \`DELETE\`. Policies include \`{contacts_delete,contacts_delete_own}\`
WARN	multiple_permissive_policies	public	contacts	Table \`public.contacts\` has multiple permissive policies for role \`anon\` for action \`INSERT\`. Policies include \`{contacts_insert,contacts_insert_own}\`
WARN	multiple_permissive_policies	public	contacts	Table \`public.contacts\` has multiple permissive policies for role \`anon\` for action \`SELECT\`. Policies include \`{contacts_select,contacts_select_own}\`
WARN	multiple_permissive_policies	public	contacts	Table \`public.contacts\` has multiple permissive policies for role \`anon\` for action \`UPDATE\`. Policies include \`{contacts_update,contacts_update_own}\`
WARN	multiple_permissive_policies	public	contacts	Table \`public.contacts\` has multiple permissive policies for role \`authenticated\` for action \`DELETE\`. Policies include \`{contacts_delete,contacts_delete_own}\`
WARN	multiple_permissive_policies	public	contacts	Table \`public.contacts\` has multiple permissive policies for role \`authenticated\` for action \`INSERT\`. Policies include \`{contacts_insert,contacts_insert_own}\`
WARN	multiple_permissive_policies	public	contacts	Table \`public.contacts\` has multiple permissive policies for role \`authenticated\` for action \`SELECT\`. Policies include \`{contacts_select,contacts_select_own}\`
WARN	multiple_permissive_policies	public	contacts	Table \`public.contacts\` has multiple permissive policies for role \`authenticated\` for action \`UPDATE\`. Policies include \`{contacts_update,contacts_update_own}\`
WARN	multiple_permissive_policies	public	contacts	Table \`public.contacts\` has multiple permissive policies for role \`authenticator\` for action \`DELETE\`. Policies include \`{contacts_delete,contacts_delete_own}\`
WARN	multiple_permissive_policies	public	contacts	Table \`public.contacts\` has multiple permissive policies for role \`authenticator\` for action \`INSERT\`. Policies include \`{contacts_insert,contacts_insert_own}\`
WARN	multiple_permissive_policies	public	contacts	Table \`public.contacts\` has multiple permissive policies for role \`authenticator\` for action \`SELECT\`. Policies include \`{contacts_select,contacts_select_own}\`
WARN	multiple_permissive_policies	public	contacts	Table \`public.contacts\` has multiple permissive policies for role \`authenticator\` for action \`UPDATE\`. Policies include \`{contacts_update,contacts_update_own}\`
WARN	multiple_permissive_policies	public	contacts	Table \`public.contacts\` has multiple permissive policies for role \`cli_login_postgres\` for action \`DELETE\`. Policies include \`{contacts_delete,contacts_delete_own}\`
WARN	multiple_permissive_policies	public	contacts	Table \`public.contacts\` has multiple permissive policies for role \`cli_login_postgres\` for action \`INSERT\`. Policies include \`{contacts_insert,contacts_insert_own}\`
WARN	multiple_permissive_policies	public	contacts	Table \`public.contacts\` has multiple permissive policies for role \`cli_login_postgres\` for action \`SELECT\`. Policies include \`{contacts_select,contacts_select_own}\`
WARN	multiple_permissive_policies	public	contacts	Table \`public.contacts\` has multiple permissive policies for role \`cli_login_postgres\` for action \`UPDATE\`. Policies include \`{contacts_update,contacts_update_own}\`
WARN	multiple_permissive_policies	public	contacts	Table \`public.contacts\` has multiple permissive policies for role \`dashboard_user\` for action \`DELETE\`. Policies include \`{contacts_delete,contacts_delete_own}\`
WARN	multiple_permissive_policies	public	contacts	Table \`public.contacts\` has multiple permissive policies for role \`dashboard_user\` for action \`INSERT\`. Policies include \`{contacts_insert,contacts_insert_own}\`
WARN	multiple_permissive_policies	public	contacts	Table \`public.contacts\` has multiple permissive policies for role \`dashboard_user\` for action \`SELECT\`. Policies include \`{contacts_select,contacts_select_own}\`
WARN	multiple_permissive_policies	public	contacts	Table \`public.contacts\` has multiple permissive policies for role \`dashboard_user\` for action \`UPDATE\`. Policies include \`{contacts_update,contacts_update_own}\`
WARN	multiple_permissive_policies	public	contacts	Table \`public.contacts\` has multiple permissive policies for role \`supabase_privileged_role\` for action \`DELETE\`. Policies include \`{contacts_delete,contacts_delete_own}\`
WARN	multiple_permissive_policies	public	contacts	Table \`public.contacts\` has multiple permissive policies for role \`supabase_privileged_role\` for action \`INSERT\`. Policies include \`{contacts_insert,contacts_insert_own}\`
WARN	multiple_permissive_policies	public	contacts	Table \`public.contacts\` has multiple permissive policies for role \`supabase_privileged_role\` for action \`SELECT\`. Policies include \`{contacts_select,contacts_select_own}\`
WARN	multiple_permissive_policies	public	contacts	Table \`public.contacts\` has multiple permissive policies for role \`supabase_privileged_role\` for action \`UPDATE\`. Policies include \`{contacts_update,contacts_update_own}\`
WARN	multiple_permissive_policies	public	conversation_participants	Table \`public.conversation_participants\` has multiple permissive policies for role \`anon\` for action \`SELECT\`. Policies include \`{conversation_participants_select,cp_select_own}\`
WARN	multiple_permissive_policies	public	conversation_participants	Table \`public.conversation_participants\` has multiple permissive policies for role \`authenticated\` for action \`SELECT\`. Policies include \`{conversation_participants_select,cp_select_own}\`
WARN	multiple_permissive_policies	public	conversation_participants	Table \`public.conversation_participants\` has multiple permissive policies for role \`authenticator\` for action \`SELECT\`. Policies include \`{conversation_participants_select,cp_select_own}\`
WARN	multiple_permissive_policies	public	conversation_participants	Table \`public.conversation_participants\` has multiple permissive policies for role \`cli_login_postgres\` for action \`SELECT\`. Policies include \`{conversation_participants_select,cp_select_own}\`
WARN	multiple_permissive_policies	public	conversation_participants	Table \`public.conversation_participants\` has multiple permissive policies for role \`dashboard_user\` for action \`SELECT\`. Policies include \`{conversation_participants_select,cp_select_own}\`
WARN	multiple_permissive_policies	public	conversation_participants	Table \`public.conversation_participants\` has multiple permissive policies for role \`supabase_privileged_role\` for action \`SELECT\`. Policies include \`{conversation_participants_select,cp_select_own}\`
WARN	multiple_permissive_policies	public	conversations	Table \`public.conversations\` has multiple permissive policies for role \`anon\` for action \`SELECT\`. Policies include \`{conversations_select,convo_select_participant}\`
WARN	multiple_permissive_policies	public	conversations	Table \`public.conversations\` has multiple permissive policies for role \`anon\` for action \`UPDATE\`. Policies include \`{conversations_update,convo_update_participant}\`
WARN	multiple_permissive_policies	public	conversations	Table \`public.conversations\` has multiple permissive policies for role \`authenticated\` for action \`SELECT\`. Policies include \`{conversations_select,convo_select_participant}\`
WARN	multiple_permissive_policies	public	conversations	Table \`public.conversations\` has multiple permissive policies for role \`authenticated\` for action \`UPDATE\`. Policies include \`{conversations_update,convo_update_participant}\`
WARN	multiple_permissive_policies	public	conversations	Table \`public.conversations\` has multiple permissive policies for role \`authenticator\` for action \`SELECT\`. Policies include \`{conversations_select,convo_select_participant}\`
WARN	multiple_permissive_policies	public	conversations	Table \`public.conversations\` has multiple permissive policies for role \`authenticator\` for action \`UPDATE\`. Policies include \`{conversations_update,convo_update_participant}\`
WARN	multiple_permissive_policies	public	conversations	Table \`public.conversations\` has multiple permissive policies for role \`cli_login_postgres\` for action \`SELECT\`. Policies include \`{conversations_select,convo_select_participant}\`
WARN	multiple_permissive_policies	public	conversations	Table \`public.conversations\` has multiple permissive policies for role \`cli_login_postgres\` for action \`UPDATE\`. Policies include \`{conversations_update,convo_update_participant}\`
WARN	multiple_permissive_policies	public	conversations	Table \`public.conversations\` has multiple permissive policies for role \`dashboard_user\` for action \`SELECT\`. Policies include \`{conversations_select,convo_select_participant}\`
WARN	multiple_permissive_policies	public	conversations	Table \`public.conversations\` has multiple permissive policies for role \`dashboard_user\` for action \`UPDATE\`. Policies include \`{conversations_update,convo_update_participant}\`
WARN	multiple_permissive_policies	public	conversations	Table \`public.conversations\` has multiple permissive policies for role \`supabase_privileged_role\` for action \`SELECT\`. Policies include \`{conversations_select,convo_select_participant}\`
WARN	multiple_permissive_policies	public	conversations	Table \`public.conversations\` has multiple permissive policies for role \`supabase_privileged_role\` for action \`UPDATE\`. Policies include \`{conversations_update,convo_update_participant}\`
WARN	multiple_permissive_policies	public	equipment	Table \`public.equipment\` has multiple permissive policies for role \`anon\` for action \`DELETE\`. Policies include \`{equip_delete_own,equipment_delete}\`
WARN	multiple_permissive_policies	public	equipment	Table \`public.equipment\` has multiple permissive policies for role \`anon\` for action \`INSERT\`. Policies include \`{equip_insert_own,equipment_insert}\`
WARN	multiple_permissive_policies	public	equipment	Table \`public.equipment\` has multiple permissive policies for role \`anon\` for action \`SELECT\`. Policies include \`{equip_select_own,equipment_select}\`
WARN	multiple_permissive_policies	public	equipment	Table \`public.equipment\` has multiple permissive policies for role \`anon\` for action \`UPDATE\`. Policies include \`{equip_update_own,equipment_update}\`
WARN	multiple_permissive_policies	public	equipment	Table \`public.equipment\` has multiple permissive policies for role \`authenticated\` for action \`DELETE\`. Policies include \`{equip_delete_own,equipment_delete}\`
WARN	multiple_permissive_policies	public	equipment	Table \`public.equipment\` has multiple permissive policies for role \`authenticated\` for action \`INSERT\`. Policies include \`{equip_insert_own,equipment_insert}\`
WARN	multiple_permissive_policies	public	equipment	Table \`public.equipment\` has multiple permissive policies for role \`authenticated\` for action \`SELECT\`. Policies include \`{equip_select_own,equipment_select}\`
WARN	multiple_permissive_policies	public	equipment	Table \`public.equipment\` has multiple permissive policies for role \`authenticated\` for action \`UPDATE\`. Policies include \`{equip_update_own,equipment_update}\`
WARN	multiple_permissive_policies	public	equipment	Table \`public.equipment\` has multiple permissive policies for role \`authenticator\` for action \`DELETE\`. Policies include \`{equip_delete_own,equipment_delete}\`
WARN	multiple_permissive_policies	public	equipment	Table \`public.equipment\` has multiple permissive policies for role \`authenticator\` for action \`INSERT\`. Policies include \`{equip_insert_own,equipment_insert}\`
WARN	multiple_permissive_policies	public	equipment	Table \`public.equipment\` has multiple permissive policies for role \`authenticator\` for action \`SELECT\`. Policies include \`{equip_select_own,equipment_select}\`
WARN	multiple_permissive_policies	public	equipment	Table \`public.equipment\` has multiple permissive policies for role \`authenticator\` for action \`UPDATE\`. Policies include \`{equip_update_own,equipment_update}\`
WARN	multiple_permissive_policies	public	equipment	Table \`public.equipment\` has multiple permissive policies for role \`cli_login_postgres\` for action \`DELETE\`. Policies include \`{equip_delete_own,equipment_delete}\`
WARN	multiple_permissive_policies	public	equipment	Table \`public.equipment\` has multiple permissive policies for role \`cli_login_postgres\` for action \`INSERT\`. Policies include \`{equip_insert_own,equipment_insert}\`
WARN	multiple_permissive_policies	public	equipment	Table \`public.equipment\` has multiple permissive policies for role \`cli_login_postgres\` for action \`SELECT\`. Policies include \`{equip_select_own,equipment_select}\`
WARN	multiple_permissive_policies	public	equipment	Table \`public.equipment\` has multiple permissive policies for role \`cli_login_postgres\` for action \`UPDATE\`. Policies include \`{equip_update_own,equipment_update}\`
WARN	multiple_permissive_policies	public	equipment	Table \`public.equipment\` has multiple permissive policies for role \`dashboard_user\` for action \`DELETE\`. Policies include \`{equip_delete_own,equipment_delete}\`
WARN	multiple_permissive_policies	public	equipment	Table \`public.equipment\` has multiple permissive policies for role \`dashboard_user\` for action \`INSERT\`. Policies include \`{equip_insert_own,equipment_insert}\`
WARN	multiple_permissive_policies	public	equipment	Table \`public.equipment\` has multiple permissive policies for role \`dashboard_user\` for action \`SELECT\`. Policies include \`{equip_select_own,equipment_select}\`
WARN	multiple_permissive_policies	public	equipment	Table \`public.equipment\` has multiple permissive policies for role \`dashboard_user\` for action \`UPDATE\`. Policies include \`{equip_update_own,equipment_update}\`
WARN	multiple_permissive_policies	public	equipment	Table \`public.equipment\` has multiple permissive policies for role \`supabase_privileged_role\` for action \`DELETE\`. Policies include \`{equip_delete_own,equipment_delete}\`
WARN	multiple_permissive_policies	public	equipment	Table \`public.equipment\` has multiple permissive policies for role \`supabase_privileged_role\` for action \`INSERT\`. Policies include \`{equip_insert_own,equipment_insert}\`
WARN	multiple_permissive_policies	public	equipment	Table \`public.equipment\` has multiple permissive policies for role \`supabase_privileged_role\` for action \`SELECT\`. Policies include \`{equip_select_own,equipment_select}\`
WARN	multiple_permissive_policies	public	equipment	Table \`public.equipment\` has multiple permissive policies for role \`supabase_privileged_role\` for action \`UPDATE\`. Policies include \`{equip_update_own,equipment_update}\`
WARN	multiple_permissive_policies	public	estimate_versions	Table \`public.estimate_versions\` has multiple permissive policies for role \`anon\` for action \`DELETE\`. Policies include \`{est_versions_delete_own,estimate_versions_all}\`
WARN	multiple_permissive_policies	public	estimate_versions	Table \`public.estimate_versions\` has multiple permissive policies for role \`anon\` for action \`INSERT\`. Policies include \`{est_versions_insert_own,estimate_versions_all}\`
WARN	multiple_permissive_policies	public	estimate_versions	Table \`public.estimate_versions\` has multiple permissive policies for role \`anon\` for action \`SELECT\`. Policies include \`{est_versions_select_own,estimate_versions_all}\`
WARN	multiple_permissive_policies	public	estimate_versions	Table \`public.estimate_versions\` has multiple permissive policies for role \`authenticated\` for action \`DELETE\`. Policies include \`{est_versions_delete_own,estimate_versions_all}\`
WARN	multiple_permissive_policies	public	estimate_versions	Table \`public.estimate_versions\` has multiple permissive policies for role \`authenticated\` for action \`INSERT\`. Policies include \`{est_versions_insert_own,estimate_versions_all}\`
WARN	multiple_permissive_policies	public	estimate_versions	Table \`public.estimate_versions\` has multiple permissive policies for role \`authenticated\` for action \`SELECT\`. Policies include \`{est_versions_select_own,estimate_versions_all}\`
WARN	multiple_permissive_policies	public	estimate_versions	Table \`public.estimate_versions\` has multiple permissive policies for role \`authenticator\` for action \`DELETE\`. Policies include \`{est_versions_delete_own,estimate_versions_all}\`
WARN	multiple_permissive_policies	public	estimate_versions	Table \`public.estimate_versions\` has multiple permissive policies for role \`authenticator\` for action \`INSERT\`. Policies include \`{est_versions_insert_own,estimate_versions_all}\`
WARN	multiple_permissive_policies	public	estimate_versions	Table \`public.estimate_versions\` has multiple permissive policies for role \`authenticator\` for action \`SELECT\`. Policies include \`{est_versions_select_own,estimate_versions_all}\`
WARN	multiple_permissive_policies	public	estimate_versions	Table \`public.estimate_versions\` has multiple permissive policies for role \`cli_login_postgres\` for action \`DELETE\`. Policies include \`{est_versions_delete_own,estimate_versions_all}\`
WARN	multiple_permissive_policies	public	estimate_versions	Table \`public.estimate_versions\` has multiple permissive policies for role \`cli_login_postgres\` for action \`INSERT\`. Policies include \`{est_versions_insert_own,estimate_versions_all}\`
WARN	multiple_permissive_policies	public	estimate_versions	Table \`public.estimate_versions\` has multiple permissive policies for role \`cli_login_postgres\` for action \`SELECT\`. Policies include \`{est_versions_select_own,estimate_versions_all}\`
WARN	multiple_permissive_policies	public	estimate_versions	Table \`public.estimate_versions\` has multiple permissive policies for role \`dashboard_user\` for action \`DELETE\`. Policies include \`{est_versions_delete_own,estimate_versions_all}\`
WARN	multiple_permissive_policies	public	estimate_versions	Table \`public.estimate_versions\` has multiple permissive policies for role \`dashboard_user\` for action \`INSERT\`. Policies include \`{est_versions_insert_own,estimate_versions_all}\`
WARN	multiple_permissive_policies	public	estimate_versions	Table \`public.estimate_versions\` has multiple permissive policies for role \`dashboard_user\` for action \`SELECT\`. Policies include \`{est_versions_select_own,estimate_versions_all}\`
WARN	multiple_permissive_policies	public	estimate_versions	Table \`public.estimate_versions\` has multiple permissive policies for role \`supabase_privileged_role\` for action \`DELETE\`. Policies include \`{est_versions_delete_own,estimate_versions_all}\`
WARN	multiple_permissive_policies	public	estimate_versions	Table \`public.estimate_versions\` has multiple permissive policies for role \`supabase_privileged_role\` for action \`INSERT\`. Policies include \`{est_versions_insert_own,estimate_versions_all}\`
WARN	multiple_permissive_policies	public	estimate_versions	Table \`public.estimate_versions\` has multiple permissive policies for role \`supabase_privileged_role\` for action \`SELECT\`. Policies include \`{est_versions_select_own,estimate_versions_all}\`
WARN	multiple_permissive_policies	public	invoices	Table \`public.invoices\` has multiple permissive policies for role \`anon\` for action \`DELETE\`. Policies include \`{inv_delete_own,invoices_delete}\`
WARN	multiple_permissive_policies	public	invoices	Table \`public.invoices\` has multiple permissive policies for role \`anon\` for action \`INSERT\`. Policies include \`{inv_insert_own,invoices_insert}\`
WARN	multiple_permissive_policies	public	invoices	Table \`public.invoices\` has multiple permissive policies for role \`anon\` for action \`SELECT\`. Policies include \`{inv_select_own,invoices_select}\`
WARN	multiple_permissive_policies	public	invoices	Table \`public.invoices\` has multiple permissive policies for role \`anon\` for action \`UPDATE\`. Policies include \`{inv_update_own,invoices_update}\`
WARN	multiple_permissive_policies	public	invoices	Table \`public.invoices\` has multiple permissive policies for role \`authenticated\` for action \`DELETE\`. Policies include \`{inv_delete_own,invoices_delete}\`
WARN	multiple_permissive_policies	public	invoices	Table \`public.invoices\` has multiple permissive policies for role \`authenticated\` for action \`INSERT\`. Policies include \`{inv_insert_own,invoices_insert}\`
WARN	multiple_permissive_policies	public	invoices	Table \`public.invoices\` has multiple permissive policies for role \`authenticated\` for action \`SELECT\`. Policies include \`{inv_select_own,invoices_select}\`
WARN	multiple_permissive_policies	public	invoices	Table \`public.invoices\` has multiple permissive policies for role \`authenticated\` for action \`UPDATE\`. Policies include \`{inv_update_own,invoices_update}\`
WARN	multiple_permissive_policies	public	invoices	Table \`public.invoices\` has multiple permissive policies for role \`authenticator\` for action \`DELETE\`. Policies include \`{inv_delete_own,invoices_delete}\`
WARN	multiple_permissive_policies	public	invoices	Table \`public.invoices\` has multiple permissive policies for role \`authenticator\` for action \`INSERT\`. Policies include \`{inv_insert_own,invoices_insert}\`
WARN	multiple_permissive_policies	public	invoices	Table \`public.invoices\` has multiple permissive policies for role \`authenticator\` for action \`SELECT\`. Policies include \`{inv_select_own,invoices_select}\`
WARN	multiple_permissive_policies	public	invoices	Table \`public.invoices\` has multiple permissive policies for role \`authenticator\` for action \`UPDATE\`. Policies include \`{inv_update_own,invoices_update}\`
WARN	multiple_permissive_policies	public	invoices	Table \`public.invoices\` has multiple permissive policies for role \`cli_login_postgres\` for action \`DELETE\`. Policies include \`{inv_delete_own,invoices_delete}\`
WARN	multiple_permissive_policies	public	invoices	Table \`public.invoices\` has multiple permissive policies for role \`cli_login_postgres\` for action \`INSERT\`. Policies include \`{inv_insert_own,invoices_insert}\`
WARN	multiple_permissive_policies	public	invoices	Table \`public.invoices\` has multiple permissive policies for role \`cli_login_postgres\` for action \`SELECT\`. Policies include \`{inv_select_own,invoices_select}\`
WARN	multiple_permissive_policies	public	invoices	Table \`public.invoices\` has multiple permissive policies for role \`cli_login_postgres\` for action \`UPDATE\`. Policies include \`{inv_update_own,invoices_update}\`
WARN	multiple_permissive_policies	public	invoices	Table \`public.invoices\` has multiple permissive policies for role \`dashboard_user\` for action \`DELETE\`. Policies include \`{inv_delete_own,invoices_delete}\`
WARN	multiple_permissive_policies	public	invoices	Table \`public.invoices\` has multiple permissive policies for role \`dashboard_user\` for action \`INSERT\`. Policies include \`{inv_insert_own,invoices_insert}\`
WARN	multiple_permissive_policies	public	invoices	Table \`public.invoices\` has multiple permissive policies for role \`dashboard_user\` for action \`SELECT\`. Policies include \`{inv_select_own,invoices_select}\`
WARN	multiple_permissive_policies	public	invoices	Table \`public.invoices\` has multiple permissive policies for role \`dashboard_user\` for action \`UPDATE\`. Policies include \`{inv_update_own,invoices_update}\`
WARN	multiple_permissive_policies	public	invoices	Table \`public.invoices\` has multiple permissive policies for role \`supabase_privileged_role\` for action \`DELETE\`. Policies include \`{inv_delete_own,invoices_delete}\`
WARN	multiple_permissive_policies	public	invoices	Table \`public.invoices\` has multiple permissive policies for role \`supabase_privileged_role\` for action \`INSERT\`. Policies include \`{inv_insert_own,invoices_insert}\`
WARN	multiple_permissive_policies	public	invoices	Table \`public.invoices\` has multiple permissive policies for role \`supabase_privileged_role\` for action \`SELECT\`. Policies include \`{inv_select_own,invoices_select}\`
WARN	multiple_permissive_policies	public	invoices	Table \`public.invoices\` has multiple permissive policies for role \`supabase_privileged_role\` for action \`UPDATE\`. Policies include \`{inv_update_own,invoices_update}\`
WARN	multiple_permissive_policies	public	job_listings	Table \`public.job_listings\` has multiple permissive policies for role \`anon\` for action \`DELETE\`. Policies include \`{job_listings_delete,jobs_delete_own}\`
WARN	multiple_permissive_policies	public	job_listings	Table \`public.job_listings\` has multiple permissive policies for role \`anon\` for action \`INSERT\`. Policies include \`{job_listings_insert,jobs_insert_auth}\`
WARN	multiple_permissive_policies	public	job_listings	Table \`public.job_listings\` has multiple permissive policies for role \`anon\` for action \`UPDATE\`. Policies include \`{job_listings_update,jobs_update_own}\`
WARN	multiple_permissive_policies	public	job_listings	Table \`public.job_listings\` has multiple permissive policies for role \`authenticated\` for action \`DELETE\`. Policies include \`{job_listings_delete,jobs_delete_own}\`
WARN	multiple_permissive_policies	public	job_listings	Table \`public.job_listings\` has multiple permissive policies for role \`authenticated\` for action \`INSERT\`. Policies include \`{job_listings_insert,jobs_insert_auth}\`
WARN	multiple_permissive_policies	public	job_listings	Table \`public.job_listings\` has multiple permissive policies for role \`authenticated\` for action \`SELECT\`. Policies include \`{job_listings_select,jobs_select_all}\`
WARN	multiple_permissive_policies	public	job_listings	Table \`public.job_listings\` has multiple permissive policies for role \`authenticated\` for action \`UPDATE\`. Policies include \`{job_listings_update,jobs_update_own}\`
WARN	multiple_permissive_policies	public	job_listings	Table \`public.job_listings\` has multiple permissive policies for role \`authenticator\` for action \`DELETE\`. Policies include \`{job_listings_delete,jobs_delete_own}\`
WARN	multiple_permissive_policies	public	job_listings	Table \`public.job_listings\` has multiple permissive policies for role \`authenticator\` for action \`INSERT\`. Policies include \`{job_listings_insert,jobs_insert_auth}\`
WARN	multiple_permissive_policies	public	job_listings	Table \`public.job_listings\` has multiple permissive policies for role \`authenticator\` for action \`UPDATE\`. Policies include \`{job_listings_update,jobs_update_own}\`
WARN	multiple_permissive_policies	public	job_listings	Table \`public.job_listings\` has multiple permissive policies for role \`cli_login_postgres\` for action \`DELETE\`. Policies include \`{job_listings_delete,jobs_delete_own}\`
WARN	multiple_permissive_policies	public	job_listings	Table \`public.job_listings\` has multiple permissive policies for role \`cli_login_postgres\` for action \`INSERT\`. Policies include \`{job_listings_insert,jobs_insert_auth}\`
WARN	multiple_permissive_policies	public	job_listings	Table \`public.job_listings\` has multiple permissive policies for role \`cli_login_postgres\` for action \`UPDATE\`. Policies include \`{job_listings_update,jobs_update_own}\`
WARN	multiple_permissive_policies	public	job_listings	Table \`public.job_listings\` has multiple permissive policies for role \`dashboard_user\` for action \`DELETE\`. Policies include \`{job_listings_delete,jobs_delete_own}\`
WARN	multiple_permissive_policies	public	job_listings	Table \`public.job_listings\` has multiple permissive policies for role \`dashboard_user\` for action \`INSERT\`. Policies include \`{job_listings_insert,jobs_insert_auth}\`
WARN	multiple_permissive_policies	public	job_listings	Table \`public.job_listings\` has multiple permissive policies for role \`dashboard_user\` for action \`UPDATE\`. Policies include \`{job_listings_update,jobs_update_own}\`
WARN	multiple_permissive_policies	public	job_listings	Table \`public.job_listings\` has multiple permissive policies for role \`supabase_privileged_role\` for action \`DELETE\`. Policies include \`{job_listings_delete,jobs_delete_own}\`
WARN	multiple_permissive_policies	public	job_listings	Table \`public.job_listings\` has multiple permissive policies for role \`supabase_privileged_role\` for action \`INSERT\`. Policies include \`{job_listings_insert,jobs_insert_auth}\`
WARN	multiple_permissive_policies	public	job_listings	Table \`public.job_listings\` has multiple permissive policies for role \`supabase_privileged_role\` for action \`UPDATE\`. Policies include \`{job_listings_update,jobs_update_own}\`
WARN	multiple_permissive_policies	public	portal_messages	Table \`public.portal_messages\` has multiple permissive policies for role \`authenticated\` for action \`INSERT\`. Policies include \`{"gc inserts own portal messages","gc records client message in own portal"}\`
WARN	multiple_permissive_policies	public	price_alerts	Table \`public.price_alerts\` has multiple permissive policies for role \`anon\` for action \`DELETE\`. Policies include \`{alerts_delete_own,price_alerts_delete}\`
WARN	multiple_permissive_policies	public	price_alerts	Table \`public.price_alerts\` has multiple permissive policies for role \`anon\` for action \`INSERT\`. Policies include \`{alerts_insert_own,price_alerts_insert}\`
WARN	multiple_permissive_policies	public	price_alerts	Table \`public.price_alerts\` has multiple permissive policies for role \`anon\` for action \`SELECT\`. Policies include \`{alerts_select_own,price_alerts_select}\`
WARN	multiple_permissive_policies	public	price_alerts	Table \`public.price_alerts\` has multiple permissive policies for role \`anon\` for action \`UPDATE\`. Policies include \`{alerts_update_own,price_alerts_update}\`
WARN	multiple_permissive_policies	public	price_alerts	Table \`public.price_alerts\` has multiple permissive policies for role \`authenticated\` for action \`DELETE\`. Policies include \`{alerts_delete_own,price_alerts_delete}\`
WARN	multiple_permissive_policies	public	price_alerts	Table \`public.price_alerts\` has multiple permissive policies for role \`authenticated\` for action \`INSERT\`. Policies include \`{alerts_insert_own,price_alerts_insert}\`
WARN	multiple_permissive_policies	public	price_alerts	Table \`public.price_alerts\` has multiple permissive policies for role \`authenticated\` for action \`SELECT\`. Policies include \`{alerts_select_own,price_alerts_select}\`
WARN	multiple_permissive_policies	public	price_alerts	Table \`public.price_alerts\` has multiple permissive policies for role \`authenticated\` for action \`UPDATE\`. Policies include \`{alerts_update_own,price_alerts_update}\`
WARN	multiple_permissive_policies	public	price_alerts	Table \`public.price_alerts\` has multiple permissive policies for role \`authenticator\` for action \`DELETE\`. Policies include \`{alerts_delete_own,price_alerts_delete}\`
WARN	multiple_permissive_policies	public	price_alerts	Table \`public.price_alerts\` has multiple permissive policies for role \`authenticator\` for action \`INSERT\`. Policies include \`{alerts_insert_own,price_alerts_insert}\`
WARN	multiple_permissive_policies	public	price_alerts	Table \`public.price_alerts\` has multiple permissive policies for role \`authenticator\` for action \`SELECT\`. Policies include \`{alerts_select_own,price_alerts_select}\`
WARN	multiple_permissive_policies	public	price_alerts	Table \`public.price_alerts\` has multiple permissive policies for role \`authenticator\` for action \`UPDATE\`. Policies include \`{alerts_update_own,price_alerts_update}\`
WARN	multiple_permissive_policies	public	price_alerts	Table \`public.price_alerts\` has multiple permissive policies for role \`cli_login_postgres\` for action \`DELETE\`. Policies include \`{alerts_delete_own,price_alerts_delete}\`
WARN	multiple_permissive_policies	public	price_alerts	Table \`public.price_alerts\` has multiple permissive policies for role \`cli_login_postgres\` for action \`INSERT\`. Policies include \`{alerts_insert_own,price_alerts_insert}\`
WARN	multiple_permissive_policies	public	price_alerts	Table \`public.price_alerts\` has multiple permissive policies for role \`cli_login_postgres\` for action \`SELECT\`. Policies include \`{alerts_select_own,price_alerts_select}\`
WARN	multiple_permissive_policies	public	price_alerts	Table \`public.price_alerts\` has multiple permissive policies for role \`cli_login_postgres\` for action \`UPDATE\`. Policies include \`{alerts_update_own,price_alerts_update}\`
WARN	multiple_permissive_policies	public	price_alerts	Table \`public.price_alerts\` has multiple permissive policies for role \`dashboard_user\` for action \`DELETE\`. Policies include \`{alerts_delete_own,price_alerts_delete}\`
WARN	multiple_permissive_policies	public	price_alerts	Table \`public.price_alerts\` has multiple permissive policies for role \`dashboard_user\` for action \`INSERT\`. Policies include \`{alerts_insert_own,price_alerts_insert}\`
WARN	multiple_permissive_policies	public	price_alerts	Table \`public.price_alerts\` has multiple permissive policies for role \`dashboard_user\` for action \`SELECT\`. Policies include \`{alerts_select_own,price_alerts_select}\`
WARN	multiple_permissive_policies	public	price_alerts	Table \`public.price_alerts\` has multiple permissive policies for role \`dashboard_user\` for action \`UPDATE\`. Policies include \`{alerts_update_own,price_alerts_update}\`
WARN	multiple_permissive_policies	public	price_alerts	Table \`public.price_alerts\` has multiple permissive policies for role \`supabase_privileged_role\` for action \`DELETE\`. Policies include \`{alerts_delete_own,price_alerts_delete}\`
WARN	multiple_permissive_policies	public	price_alerts	Table \`public.price_alerts\` has multiple permissive policies for role \`supabase_privileged_role\` for action \`INSERT\`. Policies include \`{alerts_insert_own,price_alerts_insert}\`
WARN	multiple_permissive_policies	public	price_alerts	Table \`public.price_alerts\` has multiple permissive policies for role \`supabase_privileged_role\` for action \`SELECT\`. Policies include \`{alerts_select_own,price_alerts_select}\`
WARN	multiple_permissive_policies	public	price_alerts	Table \`public.price_alerts\` has multiple permissive policies for role \`supabase_privileged_role\` for action \`UPDATE\`. Policies include \`{alerts_update_own,price_alerts_update}\`
WARN	multiple_permissive_policies	public	profiles	Table \`public.profiles\` has multiple permissive policies for role \`anon\` for action \`INSERT\`. Policies include \`{profiles_insert,profiles_insert_own}\`
WARN	multiple_permissive_policies	public	profiles	Table \`public.profiles\` has multiple permissive policies for role \`anon\` for action \`SELECT\`. Policies include \`{profiles_select,profiles_select_own}\`
WARN	multiple_permissive_policies	public	profiles	Table \`public.profiles\` has multiple permissive policies for role \`anon\` for action \`UPDATE\`. Policies include \`{profiles_update,profiles_update_own}\`
WARN	multiple_permissive_policies	public	profiles	Table \`public.profiles\` has multiple permissive policies for role \`authenticated\` for action \`INSERT\`. Policies include \`{profiles_insert,profiles_insert_own}\`
WARN	multiple_permissive_policies	public	profiles	Table \`public.profiles\` has multiple permissive policies for role \`authenticated\` for action \`SELECT\`. Policies include \`{profiles_select,profiles_select_own}\`
WARN	multiple_permissive_policies	public	profiles	Table \`public.profiles\` has multiple permissive policies for role \`authenticated\` for action \`UPDATE\`. Policies include \`{profiles_update,profiles_update_own}\`
WARN	multiple_permissive_policies	public	profiles	Table \`public.profiles\` has multiple permissive policies for role \`authenticator\` for action \`INSERT\`. Policies include \`{profiles_insert,profiles_insert_own}\`
WARN	multiple_permissive_policies	public	profiles	Table \`public.profiles\` has multiple permissive policies for role \`authenticator\` for action \`SELECT\`. Policies include \`{profiles_select,profiles_select_own}\`
WARN	multiple_permissive_policies	public	profiles	Table \`public.profiles\` has multiple permissive policies for role \`authenticator\` for action \`UPDATE\`. Policies include \`{profiles_update,profiles_update_own}\`
WARN	multiple_permissive_policies	public	profiles	Table \`public.profiles\` has multiple permissive policies for role \`cli_login_postgres\` for action \`INSERT\`. Policies include \`{profiles_insert,profiles_insert_own}\`
WARN	multiple_permissive_policies	public	profiles	Table \`public.profiles\` has multiple permissive policies for role \`cli_login_postgres\` for action \`SELECT\`. Policies include \`{profiles_select,profiles_select_own}\`
WARN	multiple_permissive_policies	public	profiles	Table \`public.profiles\` has multiple permissive policies for role \`cli_login_postgres\` for action \`UPDATE\`. Policies include \`{profiles_update,profiles_update_own}\`
WARN	multiple_permissive_policies	public	profiles	Table \`public.profiles\` has multiple permissive policies for role \`dashboard_user\` for action \`INSERT\`. Policies include \`{profiles_insert,profiles_insert_own}\`
WARN	multiple_permissive_policies	public	profiles	Table \`public.profiles\` has multiple permissive policies for role \`dashboard_user\` for action \`SELECT\`. Policies include \`{profiles_select,profiles_select_own}\`
WARN	multiple_permissive_policies	public	profiles	Table \`public.profiles\` has multiple permissive policies for role \`dashboard_user\` for action \`UPDATE\`. Policies include \`{profiles_update,profiles_update_own}\`
WARN	multiple_permissive_policies	public	profiles	Table \`public.profiles\` has multiple permissive policies for role \`supabase_privileged_role\` for action \`INSERT\`. Policies include \`{profiles_insert,profiles_insert_own}\`
WARN	multiple_permissive_policies	public	profiles	Table \`public.profiles\` has multiple permissive policies for role \`supabase_privileged_role\` for action \`SELECT\`. Policies include \`{profiles_select,profiles_select_own}\`
WARN	multiple_permissive_policies	public	profiles	Table \`public.profiles\` has multiple permissive policies for role \`supabase_privileged_role\` for action \`UPDATE\`. Policies include \`{profiles_update,profiles_update_own}\`
WARN	multiple_permissive_policies	public	project_collaborators	Table \`public.project_collaborators\` has multiple permissive policies for role \`authenticated\` for action \`SELECT\`. Policies include \`{pc_invitee_read,pc_owner_all}\`
WARN	multiple_permissive_policies	public	projects	Table \`public.projects\` has multiple permissive policies for role \`anon\` for action \`DELETE\`. Policies include \`{projects_delete,projects_delete_own}\`
WARN	multiple_permissive_policies	public	projects	Table \`public.projects\` has multiple permissive policies for role \`anon\` for action \`INSERT\`. Policies include \`{projects_insert,projects_insert_own}\`
WARN	multiple_permissive_policies	public	projects	Table \`public.projects\` has multiple permissive policies for role \`authenticated\` for action \`DELETE\`. Policies include \`{projects_delete,projects_delete_own}\`
WARN	multiple_permissive_policies	public	projects	Table \`public.projects\` has multiple permissive policies for role \`authenticated\` for action \`INSERT\`. Policies include \`{projects_insert,projects_insert_own}\`
WARN	multiple_permissive_policies	public	projects	Table \`public.projects\` has multiple permissive policies for role \`authenticator\` for action \`DELETE\`. Policies include \`{projects_delete,projects_delete_own}\`
WARN	multiple_permissive_policies	public	projects	Table \`public.projects\` has multiple permissive policies for role \`authenticator\` for action \`INSERT\`. Policies include \`{projects_insert,projects_insert_own}\`
WARN	multiple_permissive_policies	public	projects	Table \`public.projects\` has multiple permissive policies for role \`cli_login_postgres\` for action \`DELETE\`. Policies include \`{projects_delete,projects_delete_own}\`
WARN	multiple_permissive_policies	public	projects	Table \`public.projects\` has multiple permissive policies for role \`cli_login_postgres\` for action \`INSERT\`. Policies include \`{projects_insert,projects_insert_own}\`
WARN	multiple_permissive_policies	public	projects	Table \`public.projects\` has multiple permissive policies for role \`dashboard_user\` for action \`DELETE\`. Policies include \`{projects_delete,projects_delete_own}\`
WARN	multiple_permissive_policies	public	projects	Table \`public.projects\` has multiple permissive policies for role \`dashboard_user\` for action \`INSERT\`. Policies include \`{projects_insert,projects_insert_own}\`
WARN	multiple_permissive_policies	public	projects	Table \`public.projects\` has multiple permissive policies for role \`supabase_privileged_role\` for action \`DELETE\`. Policies include \`{projects_delete,projects_delete_own}\`
WARN	multiple_permissive_policies	public	projects	Table \`public.projects\` has multiple permissive policies for role \`supabase_privileged_role\` for action \`INSERT\`. Policies include \`{projects_insert,projects_insert_own}\`
WARN	multiple_permissive_policies	public	public_bids	Table \`public.public_bids\` has multiple permissive policies for role \`anon\` for action \`DELETE\`. Policies include \`{bids_delete_own,public_bids_delete}\`
WARN	multiple_permissive_policies	public	public_bids	Table \`public.public_bids\` has multiple permissive policies for role \`anon\` for action \`INSERT\`. Policies include \`{bids_insert_auth,public_bids_insert}\`
WARN	multiple_permissive_policies	public	public_bids	Table \`public.public_bids\` has multiple permissive policies for role \`anon\` for action \`UPDATE\`. Policies include \`{bids_update_own,public_bids_update}\`
WARN	multiple_permissive_policies	public	public_bids	Table \`public.public_bids\` has multiple permissive policies for role \`authenticated\` for action \`DELETE\`. Policies include \`{bids_delete_own,public_bids_delete}\`
WARN	multiple_permissive_policies	public	public_bids	Table \`public.public_bids\` has multiple permissive policies for role \`authenticated\` for action \`INSERT\`. Policies include \`{bids_insert_auth,public_bids_insert}\`
WARN	multiple_permissive_policies	public	public_bids	Table \`public.public_bids\` has multiple permissive policies for role \`authenticated\` for action \`SELECT\`. Policies include \`{bids_select_all,public_bids_select}\`
WARN	multiple_permissive_policies	public	public_bids	Table \`public.public_bids\` has multiple permissive policies for role \`authenticated\` for action \`UPDATE\`. Policies include \`{bids_update_own,public_bids_update}\`
WARN	multiple_permissive_policies	public	public_bids	Table \`public.public_bids\` has multiple permissive policies for role \`authenticator\` for action \`DELETE\`. Policies include \`{bids_delete_own,public_bids_delete}\`
WARN	multiple_permissive_policies	public	public_bids	Table \`public.public_bids\` has multiple permissive policies for role \`authenticator\` for action \`INSERT\`. Policies include \`{bids_insert_auth,public_bids_insert}\`
WARN	multiple_permissive_policies	public	public_bids	Table \`public.public_bids\` has multiple permissive policies for role \`authenticator\` for action \`UPDATE\`. Policies include \`{bids_update_own,public_bids_update}\`
WARN	multiple_permissive_policies	public	public_bids	Table \`public.public_bids\` has multiple permissive policies for role \`cli_login_postgres\` for action \`DELETE\`. Policies include \`{bids_delete_own,public_bids_delete}\`
WARN	multiple_permissive_policies	public	public_bids	Table \`public.public_bids\` has multiple permissive policies for role \`cli_login_postgres\` for action \`INSERT\`. Policies include \`{bids_insert_auth,public_bids_insert}\`
WARN	multiple_permissive_policies	public	public_bids	Table \`public.public_bids\` has multiple permissive policies for role \`cli_login_postgres\` for action \`UPDATE\`. Policies include \`{bids_update_own,public_bids_update}\`
WARN	multiple_permissive_policies	public	public_bids	Table \`public.public_bids\` has multiple permissive policies for role \`dashboard_user\` for action \`DELETE\`. Policies include \`{bids_delete_own,public_bids_delete}\`
WARN	multiple_permissive_policies	public	public_bids	Table \`public.public_bids\` has multiple permissive policies for role \`dashboard_user\` for action \`INSERT\`. Policies include \`{bids_insert_auth,public_bids_insert}\`
WARN	multiple_permissive_policies	public	public_bids	Table \`public.public_bids\` has multiple permissive policies for role \`dashboard_user\` for action \`UPDATE\`. Policies include \`{bids_update_own,public_bids_update}\`
WARN	multiple_permissive_policies	public	public_bids	Table \`public.public_bids\` has multiple permissive policies for role \`supabase_privileged_role\` for action \`DELETE\`. Policies include \`{bids_delete_own,public_bids_delete}\`
WARN	multiple_permissive_policies	public	public_bids	Table \`public.public_bids\` has multiple permissive policies for role \`supabase_privileged_role\` for action \`INSERT\`. Policies include \`{bids_insert_auth,public_bids_insert}\`
WARN	multiple_permissive_policies	public	public_bids	Table \`public.public_bids\` has multiple permissive policies for role \`supabase_privileged_role\` for action \`UPDATE\`. Policies include \`{bids_update_own,public_bids_update}\`
WARN	multiple_permissive_policies	public	subcontractors	Table \`public.subcontractors\` has multiple permissive policies for role \`anon\` for action \`DELETE\`. Policies include \`{subcontractors_delete,subs_delete_own}\`
WARN	multiple_permissive_policies	public	subcontractors	Table \`public.subcontractors\` has multiple permissive policies for role \`anon\` for action \`INSERT\`. Policies include \`{subcontractors_insert,subs_insert_own}\`
WARN	multiple_permissive_policies	public	subcontractors	Table \`public.subcontractors\` has multiple permissive policies for role \`anon\` for action \`SELECT\`. Policies include \`{subcontractors_select,subs_select_own}\`
WARN	multiple_permissive_policies	public	subcontractors	Table \`public.subcontractors\` has multiple permissive policies for role \`anon\` for action \`UPDATE\`. Policies include \`{subcontractors_update,subs_update_own}\`
WARN	multiple_permissive_policies	public	subcontractors	Table \`public.subcontractors\` has multiple permissive policies for role \`authenticated\` for action \`DELETE\`. Policies include \`{subcontractors_delete,subs_delete_own}\`
WARN	multiple_permissive_policies	public	subcontractors	Table \`public.subcontractors\` has multiple permissive policies for role \`authenticated\` for action \`INSERT\`. Policies include \`{subcontractors_insert,subs_insert_own}\`
WARN	multiple_permissive_policies	public	subcontractors	Table \`public.subcontractors\` has multiple permissive policies for role \`authenticated\` for action \`SELECT\`. Policies include \`{subcontractors_select,subs_select_own}\`
WARN	multiple_permissive_policies	public	subcontractors	Table \`public.subcontractors\` has multiple permissive policies for role \`authenticated\` for action \`UPDATE\`. Policies include \`{subcontractors_update,subs_update_own}\`
WARN	multiple_permissive_policies	public	subcontractors	Table \`public.subcontractors\` has multiple permissive policies for role \`authenticator\` for action \`DELETE\`. Policies include \`{subcontractors_delete,subs_delete_own}\`
WARN	multiple_permissive_policies	public	subcontractors	Table \`public.subcontractors\` has multiple permissive policies for role \`authenticator\` for action \`INSERT\`. Policies include \`{subcontractors_insert,subs_insert_own}\`
WARN	multiple_permissive_policies	public	subcontractors	Table \`public.subcontractors\` has multiple permissive policies for role \`authenticator\` for action \`SELECT\`. Policies include \`{subcontractors_select,subs_select_own}\`
WARN	multiple_permissive_policies	public	subcontractors	Table \`public.subcontractors\` has multiple permissive policies for role \`authenticator\` for action \`UPDATE\`. Policies include \`{subcontractors_update,subs_update_own}\`
WARN	multiple_permissive_policies	public	subcontractors	Table \`public.subcontractors\` has multiple permissive policies for role \`cli_login_postgres\` for action \`DELETE\`. Policies include \`{subcontractors_delete,subs_delete_own}\`
WARN	multiple_permissive_policies	public	subcontractors	Table \`public.subcontractors\` has multiple permissive policies for role \`cli_login_postgres\` for action \`INSERT\`. Policies include \`{subcontractors_insert,subs_insert_own}\`
WARN	multiple_permissive_policies	public	subcontractors	Table \`public.subcontractors\` has multiple permissive policies for role \`cli_login_postgres\` for action \`SELECT\`. Policies include \`{subcontractors_select,subs_select_own}\`
WARN	multiple_permissive_policies	public	subcontractors	Table \`public.subcontractors\` has multiple permissive policies for role \`cli_login_postgres\` for action \`UPDATE\`. Policies include \`{subcontractors_update,subs_update_own}\`
WARN	multiple_permissive_policies	public	subcontractors	Table \`public.subcontractors\` has multiple permissive policies for role \`dashboard_user\` for action \`DELETE\`. Policies include \`{subcontractors_delete,subs_delete_own}\`
WARN	multiple_permissive_policies	public	subcontractors	Table \`public.subcontractors\` has multiple permissive policies for role \`dashboard_user\` for action \`INSERT\`. Policies include \`{subcontractors_insert,subs_insert_own}\`
WARN	multiple_permissive_policies	public	subcontractors	Table \`public.subcontractors\` has multiple permissive policies for role \`dashboard_user\` for action \`SELECT\`. Policies include \`{subcontractors_select,subs_select_own}\`
WARN	multiple_permissive_policies	public	subcontractors	Table \`public.subcontractors\` has multiple permissive policies for role \`dashboard_user\` for action \`UPDATE\`. Policies include \`{subcontractors_update,subs_update_own}\`
WARN	multiple_permissive_policies	public	subcontractors	Table \`public.subcontractors\` has multiple permissive policies for role \`supabase_privileged_role\` for action \`DELETE\`. Policies include \`{subcontractors_delete,subs_delete_own}\`
WARN	multiple_permissive_policies	public	subcontractors	Table \`public.subcontractors\` has multiple permissive policies for role \`supabase_privileged_role\` for action \`INSERT\`. Policies include \`{subcontractors_insert,subs_insert_own}\`
WARN	multiple_permissive_policies	public	subcontractors	Table \`public.subcontractors\` has multiple permissive policies for role \`supabase_privileged_role\` for action \`SELECT\`. Policies include \`{subcontractors_select,subs_select_own}\`
WARN	multiple_permissive_policies	public	subcontractors	Table \`public.subcontractors\` has multiple permissive policies for role \`supabase_privileged_role\` for action \`UPDATE\`. Policies include \`{subcontractors_update,subs_update_own}\`
WARN	multiple_permissive_policies	public	user_tracked_bids	Table \`public.user_tracked_bids\` has multiple permissive policies for role \`anon\` for action \`DELETE\`. Policies include \`{tracked_bids_delete_own,user_tracked_bids_all}\`
WARN	multiple_permissive_policies	public	user_tracked_bids	Table \`public.user_tracked_bids\` has multiple permissive policies for role \`anon\` for action \`INSERT\`. Policies include \`{tracked_bids_insert_own,user_tracked_bids_all}\`
WARN	multiple_permissive_policies	public	user_tracked_bids	Table \`public.user_tracked_bids\` has multiple permissive policies for role \`anon\` for action \`SELECT\`. Policies include \`{tracked_bids_select_own,user_tracked_bids_all}\`
WARN	multiple_permissive_policies	public	user_tracked_bids	Table \`public.user_tracked_bids\` has multiple permissive policies for role \`anon\` for action \`UPDATE\`. Policies include \`{tracked_bids_update_own,user_tracked_bids_all}\`
WARN	multiple_permissive_policies	public	user_tracked_bids	Table \`public.user_tracked_bids\` has multiple permissive policies for role \`authenticated\` for action \`DELETE\`. Policies include \`{tracked_bids_delete_own,user_tracked_bids_all}\`
WARN	multiple_permissive_policies	public	user_tracked_bids	Table \`public.user_tracked_bids\` has multiple permissive policies for role \`authenticated\` for action \`INSERT\`. Policies include \`{tracked_bids_insert_own,user_tracked_bids_all}\`
WARN	multiple_permissive_policies	public	user_tracked_bids	Table \`public.user_tracked_bids\` has multiple permissive policies for role \`authenticated\` for action \`SELECT\`. Policies include \`{tracked_bids_select_own,user_tracked_bids_all}\`
WARN	multiple_permissive_policies	public	user_tracked_bids	Table \`public.user_tracked_bids\` has multiple permissive policies for role \`authenticated\` for action \`UPDATE\`. Policies include \`{tracked_bids_update_own,user_tracked_bids_all}\`
WARN	multiple_permissive_policies	public	user_tracked_bids	Table \`public.user_tracked_bids\` has multiple permissive policies for role \`authenticator\` for action \`DELETE\`. Policies include \`{tracked_bids_delete_own,user_tracked_bids_all}\`
WARN	multiple_permissive_policies	public	user_tracked_bids	Table \`public.user_tracked_bids\` has multiple permissive policies for role \`authenticator\` for action \`INSERT\`. Policies include \`{tracked_bids_insert_own,user_tracked_bids_all}\`
WARN	multiple_permissive_policies	public	user_tracked_bids	Table \`public.user_tracked_bids\` has multiple permissive policies for role \`authenticator\` for action \`SELECT\`. Policies include \`{tracked_bids_select_own,user_tracked_bids_all}\`
WARN	multiple_permissive_policies	public	user_tracked_bids	Table \`public.user_tracked_bids\` has multiple permissive policies for role \`authenticator\` for action \`UPDATE\`. Policies include \`{tracked_bids_update_own,user_tracked_bids_all}\`
WARN	multiple_permissive_policies	public	user_tracked_bids	Table \`public.user_tracked_bids\` has multiple permissive policies for role \`cli_login_postgres\` for action \`DELETE\`. Policies include \`{tracked_bids_delete_own,user_tracked_bids_all}\`
WARN	multiple_permissive_policies	public	user_tracked_bids	Table \`public.user_tracked_bids\` has multiple permissive policies for role \`cli_login_postgres\` for action \`INSERT\`. Policies include \`{tracked_bids_insert_own,user_tracked_bids_all}\`
WARN	multiple_permissive_policies	public	user_tracked_bids	Table \`public.user_tracked_bids\` has multiple permissive policies for role \`cli_login_postgres\` for action \`SELECT\`. Policies include \`{tracked_bids_select_own,user_tracked_bids_all}\`
WARN	multiple_permissive_policies	public	user_tracked_bids	Table \`public.user_tracked_bids\` has multiple permissive policies for role \`cli_login_postgres\` for action \`UPDATE\`. Policies include \`{tracked_bids_update_own,user_tracked_bids_all}\`
WARN	multiple_permissive_policies	public	user_tracked_bids	Table \`public.user_tracked_bids\` has multiple permissive policies for role \`dashboard_user\` for action \`DELETE\`. Policies include \`{tracked_bids_delete_own,user_tracked_bids_all}\`
WARN	multiple_permissive_policies	public	user_tracked_bids	Table \`public.user_tracked_bids\` has multiple permissive policies for role \`dashboard_user\` for action \`INSERT\`. Policies include \`{tracked_bids_insert_own,user_tracked_bids_all}\`
WARN	multiple_permissive_policies	public	user_tracked_bids	Table \`public.user_tracked_bids\` has multiple permissive policies for role \`dashboard_user\` for action \`SELECT\`. Policies include \`{tracked_bids_select_own,user_tracked_bids_all}\`
WARN	multiple_permissive_policies	public	user_tracked_bids	Table \`public.user_tracked_bids\` has multiple permissive policies for role \`dashboard_user\` for action \`UPDATE\`. Policies include \`{tracked_bids_update_own,user_tracked_bids_all}\`
WARN	multiple_permissive_policies	public	user_tracked_bids	Table \`public.user_tracked_bids\` has multiple permissive policies for role \`supabase_privileged_role\` for action \`DELETE\`. Policies include \`{tracked_bids_delete_own,user_tracked_bids_all}\`
WARN	multiple_permissive_policies	public	user_tracked_bids	Table \`public.user_tracked_bids\` has multiple permissive policies for role \`supabase_privileged_role\` for action \`INSERT\`. Policies include \`{tracked_bids_insert_own,user_tracked_bids_all}\`
WARN	multiple_permissive_policies	public	user_tracked_bids	Table \`public.user_tracked_bids\` has multiple permissive policies for role \`supabase_privileged_role\` for action \`SELECT\`. Policies include \`{tracked_bids_select_own,user_tracked_bids_all}\`
WARN	multiple_permissive_policies	public	user_tracked_bids	Table \`public.user_tracked_bids\` has multiple permissive policies for role \`supabase_privileged_role\` for action \`UPDATE\`. Policies include \`{tracked_bids_update_own,user_tracked_bids_all}\`
WARN	multiple_permissive_policies	public	worker_profiles	Table \`public.worker_profiles\` has multiple permissive policies for role \`anon\` for action \`INSERT\`. Policies include \`{worker_profiles_insert,workers_insert_auth}\`
WARN	multiple_permissive_policies	public	worker_profiles	Table \`public.worker_profiles\` has multiple permissive policies for role \`anon\` for action \`UPDATE\`. Policies include \`{worker_profiles_update,workers_update_own}\`
WARN	multiple_permissive_policies	public	worker_profiles	Table \`public.worker_profiles\` has multiple permissive policies for role \`authenticated\` for action \`INSERT\`. Policies include \`{worker_profiles_insert,workers_insert_auth}\`
WARN	multiple_permissive_policies	public	worker_profiles	Table \`public.worker_profiles\` has multiple permissive policies for role \`authenticated\` for action \`SELECT\`. Policies include \`{worker_profiles_select,workers_select_all}\`
WARN	multiple_permissive_policies	public	worker_profiles	Table \`public.worker_profiles\` has multiple permissive policies for role \`authenticated\` for action \`UPDATE\`. Policies include \`{worker_profiles_update,workers_update_own}\`
WARN	multiple_permissive_policies	public	worker_profiles	Table \`public.worker_profiles\` has multiple permissive policies for role \`authenticator\` for action \`INSERT\`. Policies include \`{worker_profiles_insert,workers_insert_auth}\`
WARN	multiple_permissive_policies	public	worker_profiles	Table \`public.worker_profiles\` has multiple permissive policies for role \`authenticator\` for action \`UPDATE\`. Policies include \`{worker_profiles_update,workers_update_own}\`
WARN	multiple_permissive_policies	public	worker_profiles	Table \`public.worker_profiles\` has multiple permissive policies for role \`cli_login_postgres\` for action \`INSERT\`. Policies include \`{worker_profiles_insert,workers_insert_auth}\`
WARN	multiple_permissive_policies	public	worker_profiles	Table \`public.worker_profiles\` has multiple permissive policies for role \`cli_login_postgres\` for action \`UPDATE\`. Policies include \`{worker_profiles_update,workers_update_own}\`
WARN	multiple_permissive_policies	public	worker_profiles	Table \`public.worker_profiles\` has multiple permissive policies for role \`dashboard_user\` for action \`INSERT\`. Policies include \`{worker_profiles_insert,workers_insert_auth}\`
WARN	multiple_permissive_policies	public	worker_profiles	Table \`public.worker_profiles\` has multiple permissive policies for role \`dashboard_user\` for action \`UPDATE\`. Policies include \`{worker_profiles_update,workers_update_own}\`
WARN	multiple_permissive_policies	public	worker_profiles	Table \`public.worker_profiles\` has multiple permissive policies for role \`supabase_privileged_role\` for action \`INSERT\`. Policies include \`{worker_profiles_insert,workers_insert_auth}\`
WARN	multiple_permissive_policies	public	worker_profiles	Table \`public.worker_profiles\` has multiple permissive policies for role \`supabase_privileged_role\` for action \`UPDATE\`. Policies include \`{worker_profiles_update,workers_update_own}\`
WARN	duplicate_index	public	cached_bids	Table \`public.cached_bids\` has identical indexes {idx_bids_deadline,idx_cached_bids_deadline}. Drop all except one of them
WARN	duplicate_index	public	change_orders	Table \`public.change_orders\` has identical indexes {idx_change_orders_project,idx_change_orders_project_id}. Drop all except one of them
WARN	duplicate_index	public	change_orders	Table \`public.change_orders\` has identical indexes {idx_change_orders_user,idx_change_orders_user_id}. Drop all except one of them
WARN	duplicate_index	public	comm_events	Table \`public.comm_events\` has identical indexes {idx_comm_events_user,idx_comm_events_user_id}. Drop all except one of them
WARN	duplicate_index	public	contacts	Table \`public.contacts\` has identical indexes {idx_contacts_user,idx_contacts_user_id}. Drop all except one of them
WARN	duplicate_index	public	conversation_participants	Table \`public.conversation_participants\` has identical indexes {idx_conversation_participants_user,idx_conversation_participants_user_id}. Drop all except one of them
WARN	duplicate_index	public	daily_reports	Table \`public.daily_reports\` has identical indexes {idx_daily_reports_project,idx_daily_reports_project_id}. Drop all except one of them
WARN	duplicate_index	public	daily_reports	Table \`public.daily_reports\` has identical indexes {idx_daily_reports_user,idx_daily_reports_user_id}. Drop all except one of them
WARN	duplicate_index	public	equipment	Table \`public.equipment\` has identical indexes {idx_equipment_user,idx_equipment_user_id}. Drop all except one of them
WARN	duplicate_index	public	invoices	Table \`public.invoices\` has identical indexes {idx_invoices_project,idx_invoices_project_id}. Drop all except one of them
WARN	duplicate_index	public	invoices	Table \`public.invoices\` has identical indexes {idx_invoices_user,idx_invoices_user_id}. Drop all except one of them
WARN	duplicate_index	public	messages	Table \`public.messages\` has identical indexes {idx_messages_conversation,idx_messages_conversation_id}. Drop all except one of them
WARN	duplicate_index	public	photos	Table \`public.photos\` has identical indexes {idx_photos_project,idx_photos_project_id}. Drop all except one of them
WARN	duplicate_index	public	photos	Table \`public.photos\` has identical indexes {idx_photos_user,idx_photos_user_id}. Drop all except one of them
WARN	duplicate_index	public	price_alerts	Table \`public.price_alerts\` has identical indexes {idx_price_alerts_user,idx_price_alerts_user_id}. Drop all except one of them
WARN	duplicate_index	public	punch_items	Table \`public.punch_items\` has identical indexes {idx_punch_items_project,idx_punch_items_project_id}. Drop all except one of them
WARN	duplicate_index	public	rfis	Table \`public.rfis\` has identical indexes {idx_rfis_project,idx_rfis_project_id}. Drop all except one of them
WARN	duplicate_index	public	subcontractors	Table \`public.subcontractors\` has identical indexes {idx_subcontractors_user,idx_subcontractors_user_id}. Drop all except one of them
WARN	duplicate_index	public	submittals	Table \`public.submittals\` has identical indexes {idx_submittals_project,idx_submittals_project_id}. Drop all except one of them
